id,title,publication_year,type,cited_by_count,is_oa
https://openalex.org/W3038568908,Radiation Resistant Camera System for Monitoring Deuterium Plasma Discharges in the Large Helical Device,2020,article,801217,True
https://openalex.org/W1775749144,PROTEIN MEASUREMENT WITH THE FOLIN PHENOL REAGENT,1951,article,318939,True
https://openalex.org/W2100837269,Cleavage of Structural Proteins during the Assembly of the Head of Bacteriophage T4,1970,article,252039,False
https://openalex.org/W2194775991,Deep Residual Learning for Image Recognition,2016,conference-paper,227991,True
https://openalex.org/W2128635872,A Rapid and Sensitive Method for the Quantitation of Microgram Quantities of Protein Utilizing the Principle of Protein-Dye Binding,1976,article,225436,False
https://openalex.org/W1981368803,Generalized Gradient Approximation Made Simple,1996,article,215704,True
https://openalex.org/W4293247451,A rapid and sensitive method for the quantitation of microgram quantities of protein utilizing the principle of protein-dye binding,1976,article,212410,False
https://openalex.org/W1979290264,Using thematic analysis in psychology,2006,article,191767,True
https://openalex.org/W2107277218,Analysis of Relative Gene Expression Data Using Real-Time Quantitative PCR and the 2−ΔΔCT Method,2001,article,184062,False
https://openalex.org/W2911964244,Random Forests,2001,article,131056,True
https://openalex.org/W2144634347,Molecular Cloning: A Laboratory Manual,1989,article,130000,False
https://openalex.org/W2083222334,Efficient iterative schemes for ab initio total-energy calculations using a plane-wave basis set,1996,article,123060,False
https://openalex.org/W4247665917,Diagnostic and Statistical Manual of Mental Disorders,2013,book,115953,False
https://openalex.org/W3128646645,Global Cancer Statistics 2020: GLOBOCAN Estimates of Incidence and Mortality Worldwide for 36 Cancers in 185 Countries,2021,article,114059,True
https://openalex.org/W2110065044,Controlling the False Discovery Rate: A Practical and Powerful Approach to Multiple Testing,1995,article,111279,False
https://openalex.org/W2071666535,Cutoff criteria for fit indexes in covariance structure analysis: Conventional criteria versus new alternatives,1999,article,108032,False
https://openalex.org/W2143981217,Density-functional thermochemistry. III. The role of exact exchange,1993,article,103767,False
https://openalex.org/W3118615836,The PRISMA 2020 statement: an updated guideline for reporting systematic reviews,2021,review,103407,True
https://openalex.org/W2179438025,Moderated estimation of fold change and dispersion for RNA-seq data with DESeq2,2014,article,103337,True
https://openalex.org/W2064675550,Long Short-Term Memory,1997,article,101339,False
https://openalex.org/W2023271753,Development of the Colle-Salvetti correlation-energy formula into a functional of the electron density,1988,article,100967,False
https://openalex.org/W2055043387,Basic local alignment search tool,1990,article,95416,False
https://openalex.org/W1970127494,Projector augmented-wave method,1994,article,92716,False
https://openalex.org/W1901129140,U-Net: Convolutional Networks for Biomedical Image Segmentation,2015,conference-paper,91937,True
https://openalex.org/W1951724000,Fitting Linear Mixed-Effects Models Using lme4,2015,article,88276,True
https://openalex.org/W2889646458,Global cancer statistics 2018: GLOBOCAN estimates of incidence and mortality worldwide for 36 cancers in 185 countries,2018,article,88077,True
https://openalex.org/W2131350133,A short history of SHELX,2007,article,87764,True
https://openalex.org/W1847168837,“Mini-mental state”,1975,article,87409,False
https://openalex.org/W2099697766,The theory of planned behavior,1991,article,87186,False
https://openalex.org/W2314225431,Molecular cloning: A laboratory manual,1990,article,86239,False
https://openalex.org/W1979544533,From ultrasoft pseudopotentials to the projector augmented-wave method,1999,article,85325,False
https://openalex.org/W1522301498,Adam: A Method for Stochastic Optimization,2014,article,84699,True
https://openalex.org/W2919115771,Deep learning,2015,article,84180,True
https://openalex.org/W4300870773,Statistical Power Analysis for the Behavioral Sciences,1989,article,83910,False
https://openalex.org/W2156098321,Preferred reporting items for systematic reviews and meta-analyses: the PRISMA statement,2009,review,83634,True
https://openalex.org/W1995875735,A Mathematical Theory of Communication,1948,article,82173,False
https://openalex.org/W2164777277,The Measurement of Observer Agreement for Categorical Data,1977,article,80811,True
https://openalex.org/W2106096361,Common method biases in behavioral research: A critical review of the literature and recommended remedies.,2003,article,79685,False
https://openalex.org/W4385245566,Exploiting Generative AI to Scale up Intelligent Tutoring Systems,2023,article,79071,True
https://openalex.org/W1484864026,Using multivariate statistics,1983,article,77504,False
https://openalex.org/W2007395042,Efficiency of ab-initio total energy calculations for metals and semiconductors using a plane-wave basis set,1996,article,76119,False
https://openalex.org/W2163605009,ImageNet classification with deep convolutional neural networks,2017,article,75666,True
https://openalex.org/W1527311855,Case Study Research: Design and Methods,1984,article,74964,False
https://openalex.org/W2158714788,Gapped BLAST and PSI-BLAST: a new generation of protein database search programs,1997,article,74890,True
https://openalex.org/W2167279371,Fiji: an open-source platform for biological-image analysis,2012,article,72545,False
https://openalex.org/W1856219842,Standard methods: For the examination of water and waste water,1990,article,72474,True
https://openalex.org/W1971440513,"The moderator-mediator variable distinction in social psychological research: Conceptual, strategic, and statistical considerations.",1986,article,72272,False
https://openalex.org/W2752617332,"Theory of the firm: Managerial behavior, agency costs and ownership structure",1976,article,71736,False
https://openalex.org/W2036113194,Special points for Brillouin-zone integrations,1976,article,71520,False
https://openalex.org/W4292811746,"The moderator–mediator variable distinction in social psychological research: Conceptual, strategic, and statistical considerations.",1986,article,71389,False
https://openalex.org/W2131271579,Trimmomatic: a flexible trimmer for Illumina sequence data,2014,article,71258,True
https://openalex.org/W4235678817,Evaluating Structural Equation Models with Unobservable Variables and Measurement Error,1981,article,70713,False
https://openalex.org/W2138270253,DNA sequencing with chain-terminating inhibitors,1977,article,69409,True
https://openalex.org/W2108234281,The Sequence Alignment/Map format and SAMtools,2009,article,68685,True
https://openalex.org/W2029667189,VMD: Visual molecular dynamics,1996,article,68022,False
https://openalex.org/W2024556021,A Revised Medium for Rapid Growth and Bio Assays with Tobacco Tissue Cultures,1962,article,67902,False
https://openalex.org/W2117692326,Hallmarks of Cancer: The Next Generation,2011,article,67302,True
https://openalex.org/W4211007335,Fuzzy sets,1965,article,67090,False
https://openalex.org/W1791587663,"Perceived Usefulness, Perceived Ease of Use, and User Acceptance of Information Technology",1989,article,67089,False
https://openalex.org/W2058122340,Electric Field Effect in Atomically Thin Carbon Films,2004,article,66723,True
https://openalex.org/W2099540110,NIH Image to ImageJ: 25 years of image analysis,2012,article,66615,True
https://openalex.org/W1964184380,Mutation of the mouse klotho gene leads to a syndrome resembling ageing.,1997,article,66561,False
https://openalex.org/W2087484885,"G*Power 3: A flexible statistical power analysis program for the social, behavioral, and biomedical sciences",2007,article,65851,True
https://openalex.org/W2167590372,Revised effective ionic radii and systematic studies of interatomic distances in halides and chalcogenides,1976,article,65710,False
https://openalex.org/W2107031757,Statistical power analysis for the behavioral sciences,1990,article,65688,False
https://openalex.org/W2106882534,"CLUSTAL W: improving the sensitivity of progressive multiple sequence alignment through sequence weighting, position-specific gap penalties and weight matrix choice",1994,article,65262,True
https://openalex.org/W2168526937,A SIMPLE METHOD FOR THE ISOLATION AND PURIFICATION OF TOTAL LIPIDES FROM ANIMAL TISSUES,1957,article,65255,True
https://openalex.org/W4294215472,Preferred Reporting Items for Systematic Reviews and Meta-Analyses: The PRISMA Statement,2009,review,64961,True
https://openalex.org/W2101234009,Scikit-learn: Machine Learning in Python,2012,article,64022,True
https://openalex.org/W2230728100,Self-Consistent Equations Including Exchange and Correlation Effects,1965,article,63997,True
https://openalex.org/W2125435699,Measuring inconsistency in meta-analyses,2003,article,63892,True
https://openalex.org/W2103441770,Fast and accurate short read alignment with Burrows–Wheeler transform,2009,article,63687,True
https://openalex.org/W2134812217,Single-Step Method of RNA Isolation by Acid Guanidinium Thiocyanate–Phenol–Chloroform Extraction,1987,article,63274,False
https://openalex.org/W2108598243,ImageNet: A large-scale hierarchical image database,2009,conference-paper,63069,False
https://openalex.org/W2170551349,Fast gapped-read alignment with Bowtie 2,2012,article,62401,False
https://openalex.org/W1987258130,Evaluating Structural Equation Models with Unobservable Variables and Measurement Error,1981,article,61266,False
https://openalex.org/W2097706568,The neighbor-joining method: a new method for reconstructing phylogenetic trees.,1987,article,60629,True
https://openalex.org/W2298230951,Official Methods of Analysis of,1980,article,59551,False
https://openalex.org/W2112796928,Gradient-based learning applied to document recognition,1998,article,59462,True
https://openalex.org/W2092157292,A consistent and accurate ab initio parametrization of density functional dispersion correction (DFT-D) for the 94 elements H-Pu,2010,article,58810,False
https://openalex.org/W2132905138,CRC Handbook of Chemistry and Physics,2014,book,57931,False
https://openalex.org/W2133665775,Image quality assessment: from error visibility to structural similarity,2004,article,57802,False
https://openalex.org/W2130410032,Gene set enrichment analysis: A knowledge-based approach for interpreting genome-wide expression profiles,2005,article,57730,True
https://openalex.org/W2169456326,STAR: ultrafast universal RNA-seq aligner,2012,article,57606,True
https://openalex.org/W2157823046,"Bias in meta-analysis detected by a simple, graphical test",1997,article,57468,True
https://openalex.org/W2114918609,Rapid colorimetric assay for cellular growth and survival: Application to proliferation and cytotoxicity assays,1983,article,56052,False
https://openalex.org/W2151103935,Distinctive Image Features from Scale-Invariant Keypoints,2004,article,55806,False
https://openalex.org/W639708223,Faster R-CNN: Towards Real-Time Object Detection with Region Proposal Networks,2016,article,55643,False
https://openalex.org/W2106787323,Global cancer statistics,2011,article,55097,True
https://openalex.org/W2086957099,Density-functional exchange-energy approximation with correct asymptotic behavior,1988,article,53914,False
https://openalex.org/W2101108802,Electrophoretic transfer of proteins from polyacrylamide gels to nitrocellulose sheets: procedure and some applications.,1979,article,53891,True
https://openalex.org/W2135943618,Mind in Society: The Development of Higher Psychological Processes,1978,book,53890,False
https://openalex.org/W2112778345,The CES-D Scale,1977,article,53744,True
https://openalex.org/W2093274439,Research electronic data capture (REDCap)—A metadata-driven methodology and workflow process for providing translational research informatics support,2008,article,53015,True
https://openalex.org/W2135046866,Regression Shrinkage and Selection Via the Lasso,1996,article,52699,False
https://openalex.org/W2163815564,The Rat Brain in Stereotaxic Coordinates,1982,book,52302,False
https://openalex.org/W2295598076,XGBoost,2016,conference-paper,52279,True
https://openalex.org/W1968834637,Colorimetric Method for Determination of Sugars and Related Substances,1956,article,52233,False
https://openalex.org/W3001118548,"Clinical features of patients infected with 2019 novel coronavirus in Wuhan, China",2020,article,52005,True
https://openalex.org/W2142635246,A new look at the statistical model identification,1974,article,51418,True
https://openalex.org/W2000445173,A new method of classifying prognostic comorbidity in longitudinal studies: Development and validation,1987,article,50500,False
https://openalex.org/W2964121744,,2015,article,50395,True
https://openalex.org/W2049633694,Maximum Likelihood from Incomplete Data Via the EM Algorithm,1977,article,49876,False
https://openalex.org/W2160378127,MAFFT Multiple Sequence Alignment Software Version 7: Improvements in Performance and Usability,2013,article,49615,True
https://openalex.org/W2126105956,A fast and elitist multiobjective genetic algorithm: NSGA-II,2002,article,49198,False
https://openalex.org/W2152311269,A RAPID METHOD OF TOTAL LIPID EXTRACTION AND PURIFICATION,1959,article,49067,False
https://openalex.org/W2132629607,UCSF Chimera—A visualization system for exploratory research and analysis,2004,article,48560,False
https://openalex.org/W2152195021,Particle swarm optimization,2002,conference-paper,48438,False
https://openalex.org/W2152207030,MEGA6: Molecular Evolutionary Genetics Analysis Version 6.0,2013,article,48061,True
https://openalex.org/W2015795623,STATISTICAL METHODS FOR ASSESSING AGREEMENT BETWEEN TWO METHODS OF CLINICAL MEASUREMENT,1986,article,48026,False
https://openalex.org/W3011865677,Prospect Theory: An Analysis of Decision under Risk,1979,article,47899,False
https://openalex.org/W2018289835,"Short-Term Effects of Nose-Only Cigarette Smoke Exposure on Glutathione Redox Homeostasis, Cytochrome P450 1A1/2 and Respiratory Enzyme Activities in Mice Tissues",2013,article,47289,True
https://openalex.org/W2097117768,Going deeper with convolutions,2015,conference-paper,47217,False
https://openalex.org/W2166281097,The Hospital Anxiety and Depression Scale,1983,article,47173,False
https://openalex.org/W2912565176,Fuzzy sets,1996,book,47144,False
https://openalex.org/W3124536214,Firm Resources and Sustained Competitive Advantage,1991,article,47090,False
https://openalex.org/W2132926880,MUSCLE: multiple sequence alignment with high accuracy and high throughput,2004,article,47067,True
https://openalex.org/W4294216491,Single-step method of RNA isolation by acid guanidinium thiocyanate-phenol-chloroform extraction,1987,article,47008,False
https://openalex.org/W3177828909,Highly accurate protein structure prediction with AlphaFold,2021,article,46961,True
https://openalex.org/W2329395632,The Discovery of Grounded Theory: Strategies for Qualitative Research.,1968,article,46630,False
https://openalex.org/W4297081765,Harvard business review,1994,article,46514,False
https://openalex.org/W2311203695,MEGA7: Molecular Evolutionary Genetics Analysis Version 7.0 for Bigger Datasets,2016,article,46065,True
https://openalex.org/W2896457183,AI-Assisted Pipeline for Dynamic Generation of Trustworthy Health Supplement Content at Scale,2018,article,46036,True
https://openalex.org/W2079105963,Ab initio molecular dynamics for liquid metals,1993,article,45691,False
https://openalex.org/W2963446712,Densely Connected Convolutional Networks,2017,conference-paper,45691,False
https://openalex.org/W1556808170,Qualitative Data Analysis: An Expanded Sourcebook,1994,article,45630,False
https://openalex.org/W1979300931,Nonparametric Estimation from Incomplete Observations,1992,book-chapter,45551,False
https://openalex.org/W2132322340,The PHQ-9,2001,article,45399,True
https://openalex.org/W2103017472,Gene Ontology: tool for the unification of biology,2000,article,45214,True
https://openalex.org/W2114104545,edgeR : a Bioconductor package for differential expression analysis of digital gene expression data,2009,article,45210,True
https://openalex.org/W1849190772,"Introduction to Mediation, Moderation, and Conditional Process Analysis: A Regression-Based Approach",2013,article,45160,True
https://openalex.org/W2019465613,Fast Parallel Algorithms for Short-Range Molecular Dynamics,1995,article,45150,False
https://openalex.org/W2991792334,Preferred reporting items for systematic reviews and meta-analyses: the PRISMA Statement.,2009,review,45132,True
https://openalex.org/W2024060531,Optimization by Simulated Annealing,1983,article,45019,False
https://openalex.org/W2132525235,Multiwfn: A multifunctional wavefunction analyzer,2011,article,45013,False
https://openalex.org/W2142225512,Three Approaches to Qualitative Content Analysis,2005,article,44971,False
https://openalex.org/W2011039300,Computers and Intractability: A Guide to the Theory of NP-Completeness,1979,article,44622,False
https://openalex.org/W2100379340,User Acceptance of Information Technology: Toward A Unified View1,2003,article,44160,False
https://openalex.org/W2146512944,limma powers differential expression analyses for RNA-sequencing and microarray studies,2015,article,44144,True
https://openalex.org/W2159306398,Coefficient Alpha and the Internal Structure of Tests,1951,article,43830,True
https://openalex.org/W2133059825,A Threshold Selection Method from Gray-Level Histograms,1979,article,43734,False
https://openalex.org/W2112090702,Collective dynamics of ‘small-world’ networks,1998,article,43566,False
https://openalex.org/W2138664283,Consolidated criteria for reporting qualitative research (COREQ): a 32-item checklist for interviews and focus groups,2007,article,43436,True
https://openalex.org/W4292808503,Self-efficacy: Toward a unifying theory of behavioral change.,1977,article,43410,True
https://openalex.org/W1861492603,Microsoft COCO: Common Objects in Context,2014,conference-paper,43359,True
https://openalex.org/W1969360633,Crystal structure refinement with SHELXL,2014,article,43347,True
https://openalex.org/W2891378911,PRISMA Extension for Scoping Reviews (PRISMA-ScR): Checklist and Explanation,2018,article,43165,True
https://openalex.org/W2018858346,Helical microtubules of graphitic carbon,1991,article,43000,False
https://openalex.org/W2037557484,A power primer.,1992,article,42707,False
https://openalex.org/W1976499671,Comparison of simple potential functions for simulating liquid water,1983,article,42644,False
https://openalex.org/W2009435671,Model Selection and Multimodel Inference: A Practical Information-Theoretic Approach,2003,article,42186,True
https://openalex.org/W2053154970,A Coefficient of Agreement for Nominal Scales,1960,article,42120,False
https://openalex.org/W2030966943,CONFIDENCE LIMITS ON PHYLOGENIES: AN APPROACH USING THE BOOTSTRAP,1985,article,41688,True
https://openalex.org/W2153635508,LIBSVM,2011,article,41476,False
https://openalex.org/W4239510810,Support-vector networks,1995,article,41022,True
https://openalex.org/W1562208008,Self-Efficacy: The Exercise of Control,1999,article,40931,False
https://openalex.org/W2120062331,Handbook of Mathematical Functions,1966,article,40904,False
https://openalex.org/W2011301426,Matplotlib: A 2D Graphics Environment,2007,article,40810,False
https://openalex.org/W2117539524,ImageNet Large Scale Visual Recognition Challenge,2015,article,40646,False
https://openalex.org/W2132632499,"MEGA5: Molecular Evolutionary Genetics Analysis Using Maximum Likelihood, Evolutionary Distance, and Maximum Parsimony Methods",2011,article,40435,True
https://openalex.org/W2130479394,The Protein Data Bank,2000,article,40384,False
https://openalex.org/W2122912498,Structural equation modeling in practice: A review and recommended two-step approach.,1988,article,40257,False
https://openalex.org/W4294216483,KEGG: Kyoto Encyclopedia of Genes and Genomes,2000,article,40012,True
https://openalex.org/W1995945562,An Introduction to the Bootstrap,1994,book,39980,False
https://openalex.org/W2006479099,Case Study Research: Design and Methods,1991,article,39929,False
https://openalex.org/W2107328434,Meta-analysis in clinical trials,1986,article,39901,False
https://openalex.org/W2116199508,Situated Learning: Legitimate Peripheral Participation.,1994,article,39807,False
https://openalex.org/W2014935324,The rise of graphene,2007,article,39777,False
https://openalex.org/W3147894994,Regression Models and Life-Tables,1972,article,39681,False
https://openalex.org/W3003257820,SciPy 1.0: fundamental algorithms for scientific computing in Python,2020,article,39620,True
https://openalex.org/W2156909104,The Nature of Statistical Learning Theory,1995,book,39408,False
https://openalex.org/W2799524357,MEGA X: Molecular Evolutionary Genetics Analysis across Computing Platforms,2018,article,39380,True
https://openalex.org/W4293241248,Nonparametric Estimation from Incomplete Observations,1958,article,39380,False
https://openalex.org/W2035618305,clusterProfiler: an R Package for Comparing Biological Themes Among Gene Clusters,2012,article,39368,False
https://openalex.org/W2097382368,The CLUSTAL_X windows interface: flexible strategies for multiple sequence alignment aided by quality analysis tools,1997,article,39313,True
https://openalex.org/W2146691185,The Discovery of Grounded Theory; Strategies for Qualitative Research,1968,article,39181,False
https://openalex.org/W1658908529,Basics of qualitative research : techniques and procedures for developing grounded theory,1998,book,38916,False
https://openalex.org/W2109469951,The Strength of Weak Ties,1973,article,38869,False
https://openalex.org/W1483247593,BIOEDIT: A USER-FRIENDLY BIOLOGICAL SEQUENCE ALIGNMENT EDITOR AND ANALYSIS PROGRAM FOR WINDOWS 95/98/ NT,1999,conference-paper,38741,False
https://openalex.org/W2561675875,Lecture Notes in Computer Science 1205,1999,article,38729,False
https://openalex.org/W2061977616,Firm resources and sustained competitive advantage,2004,book-chapter,38536,False
https://openalex.org/W2067495470,An Inventory for Measuring Depression,1961,article,38398,False
https://openalex.org/W2134967712,"AutoDock Vina: Improving the speed and accuracy of docking with a new scoring function, efficient optimization, and multithreading",2009,article,38292,True
https://openalex.org/W2005501262,Preferred Reporting Items for Systematic Reviews and Meta-Analyses: The PRISMA Statement,2009,review,38156,False
https://openalex.org/W2099111195,Elements of Information Theory,2001,book,38037,False
https://openalex.org/W2158217645,Systematic and integrative analysis of large gene lists using DAVID bioinformatics resources,2008,article,37811,False
https://openalex.org/W2037124948,Statistical Power Analysis for the Behavioral Sciences (2nd ed.).,1989,article,37630,False
https://openalex.org/W2401404581,DADA2: High-resolution sample inference from Illumina amplicon data,2016,article,37559,False
https://openalex.org/W1903029394,Fully convolutional networks for semantic segmentation,2015,conference-paper,37499,False
https://openalex.org/W2126930838,Quantifying heterogeneity in a meta‐analysis,2002,article,37389,False
https://openalex.org/W2072500831,Statistical power analyses using G*Power 3.1: Tests for correlation and regression analyses,2009,article,37384,True
https://openalex.org/W2056760934,Equation of State Calculations by Fast Computing Machines,1953,article,37327,False
https://openalex.org/W3123282572,The Iron Cage Revisited: Institutional Isomorphism and Collective Rationality in Organizational Fields,1983,article,37285,False
https://openalex.org/W1990513740,Diffusion of Innovations 1,2019,book-chapter,37200,True
https://openalex.org/W2075950485,Scoping studies: towards a methodological framework,2005,article,37015,True
https://openalex.org/W2136022845,The assessment and analysis of handedness: The Edinburgh inventory,1971,article,36947,False
https://openalex.org/W2161633633,PLINK: A Tool Set for Whole-Genome Association and Population-Based Linkage Analyses,2007,article,36720,True
https://openalex.org/W2036897871,Cutadapt removes adapter sequences from high-throughput sequencing reads,2011,article,36712,True
https://openalex.org/W2036389121,"Belief, Attitude, Intention and Behavior: An Introduction to Theory and Research",1975,article,36704,False
https://openalex.org/W2008620264,Emergence of Scaling in Random Networks,1999,article,36703,True
https://openalex.org/W1665332082,Principles and Practice of Structural Equation Modeling,2005,article,36271,False
https://openalex.org/W2072970694,QIIME allows analysis of high-throughput community sequencing data,2010,article,36221,False
https://openalex.org/W2105846236,A new criterion for assessing discriminant validity in variance-based structural equation modeling,2014,article,36169,True
https://openalex.org/W79229537,Naturalistic inquiry,1985,article,35906,False
https://openalex.org/W3015634246,Multivariate Data Analysis.,1973,article,35860,False
https://openalex.org/W2187089797,Visualizing Data using t-SNE,2008,article,35725,False
https://openalex.org/W4242883546,"Self-determination theory and the facilitation of intrinsic motivation, social development, and well-being.",2000,article,35677,False
https://openalex.org/W2134049139,Self-efficacy: Toward a unifying theory of behavioral change.,1977,article,35583,False
https://openalex.org/W1497256448,Adaptation in Natural and Artificial Systems,1992,book,35568,False
https://openalex.org/W2753533763,The Structure of Scientific Revolutions,1963,article,35549,False
https://openalex.org/W2002664886,Nonparametric Statistics for the Behavioral Sciences,1958,article,35503,False
https://openalex.org/W2120644786,AMPLIFICATION AND DIRECT SEQUENCING OF FUNGAL RIBOSOMAL RNA GENES FOR PHYLOGENETICS,1990,book-chapter,35493,True
https://openalex.org/W2151487996,The Pittsburgh sleep quality index: A new instrument for psychiatric practice and research,1989,article,35464,False
https://openalex.org/W4229954146,Biostatistical Analysis,1996,article,35462,False
https://openalex.org/W1714723801,"Research Design: Qualitative, Quantitative, and Mixed Methods Approaches",1994,article,35448,True
https://openalex.org/W115394847,Qualitative research and evaluation methods,1980,book,35371,False
https://openalex.org/W2108795964,Absorptive Capacity: A New Perspective on Learning and Innovation,1990,article,35199,False
https://openalex.org/W2108244474,A new mathematical model for relative quantification in real-time RT-PCR,2001,article,35190,True
https://openalex.org/W144423133,MicroRNAs,2004,article,35048,True
https://openalex.org/W2034285706,The SILVA ribosomal RNA gene database project: improved data processing and web-based tools,2012,article,34799,True
https://openalex.org/W2141052558,RAxML version 8: a tool for phylogenetic analysis and post-analysis of large phylogenies,2014,article,34794,True
https://openalex.org/W2098923148,The Cochrane Collaboration's tool for assessing risk of bias in randomised trials,2011,article,34757,True
https://openalex.org/W2098126593,Inference of Population Structure Using Multilocus Genotype Data,2000,article,34541,False
https://openalex.org/W2095705004,Dropout: a simple way to prevent neural networks from overfitting,2014,article,34236,False
https://openalex.org/W2250539671,Glove: Global Vectors for Word Representation,2014,conference-paper,34066,False
https://openalex.org/W2037377025,The MOS 36-item short-form health survey (SF-36). I. Conceptual framework and item selection.,1992,article,34020,False
https://openalex.org/W2042492216,Electrochemical Photolysis of Water at a Semiconductor Electrode,1972,article,33977,False
https://openalex.org/W4254687493,ggplot2,2016,book,33951,False
https://openalex.org/W2119821739,Support-Vector Networks,1995,article,33901,True
https://openalex.org/W1539796472,[20] Processing of X-ray diffraction data collected in oscillation mode,1997,book-chapter,33735,False
https://openalex.org/W2038702827,Asymptotic and resampling strategies for assessing and comparing indirect effects in multiple mediator models,2008,article,33566,True
https://openalex.org/W2170644967,Experiential Learning : Experience as the Source of Learning and Development,1983,article,33443,False
https://openalex.org/W2963341956,BERT: Pre-training of Deep Bidirectional Transformers for Language Understanding,2019,conference-paper,33406,True
https://openalex.org/W2122517769,"The ""What"" and ""Why"" of Goal Pursuits: Human Needs and the Self-Determination of Behavior",2000,article,33344,False
https://openalex.org/W2025610165,Some Tests of Specification for Panel Data: Monte Carlo Evidence and an Application to Employment Equations,1991,article,33331,False
https://openalex.org/W2051978340,Standards and guidelines for the interpretation of sequence variants: a joint consensus recommendation of the American College of Medical Genetics and Genomics and the Association for Molecular Pathology,2015,article,33137,True
https://openalex.org/W2133469585,Prospect theory: An analysis of decision under risk,1988,book-chapter,33005,False
https://openalex.org/W1996299251,A Global Measure of Perceived Stress,1983,article,32998,False
https://openalex.org/W2114613490,A RATING SCALE FOR DEPRESSION,1960,article,32881,True
https://openalex.org/W2063450941,Detection of specific sequences among DNA fragments separated by gel electrophoresis,1975,article,32846,False
https://openalex.org/W4245961435,Situated Learning,1991,book,32775,False
https://openalex.org/W2970684805,RoB 2: a revised tool for assessing risk of bias in randomised trials,2019,article,32685,True
https://openalex.org/W2116404316,"Estimation of the Concentration of Low-Density Lipoprotein Cholesterol in Plasma, Without Use of the Preparative Ultracentrifuge",1972,article,32639,False
https://openalex.org/W4292994367,Development and validation of brief measures of positive and negative affect: The PANAS scales.,1988,article,32562,False
https://openalex.org/W2159482845,KEGG: Kyoto Encyclopedia of Genes and Genomes,1999,article,32513,True
https://openalex.org/W2043705607,A Brief Measure for Assessing Generalized Anxiety Disorder,2006,article,32499,False
https://openalex.org/W2123709218,Dynamic capabilities and strategic management,1997,article,32455,False
https://openalex.org/W2148143831,SMOTE: Synthetic Minority Over-sampling Technique,2002,article,32390,True
https://openalex.org/W2212401464,"Stress, appraisal, and coping",1985,article,32344,False
https://openalex.org/W2059205366,"OLEX2 : a complete structure solution, refinement and analysis program",2009,article,32314,False
https://openalex.org/W3138516171,Swin Transformer: Hierarchical Vision Transformer using Shifted Windows,2021,conference-paper,32304,False
https://openalex.org/W2102605133,Rich Feature Hierarchies for Accurate Object Detection and Semantic Segmentation,2014,conference-paper,32147,False
https://openalex.org/W2110603299,"Co-Integration and Error Correction: Representation, Estimation, and Testing",1987,article,32146,False
https://openalex.org/W2161969291,Histograms of Oriented Gradients for Human Detection,2005,conference-paper,32116,True
https://openalex.org/W2069006374,Gaussian basis sets for use in correlated molecular calculations. I. The atoms boron through neon and hydrogen,1989,article,31999,False
https://openalex.org/W4298413470,"Institutions, Institutional Change and Economic Performance",1990,book,31912,False
https://openalex.org/W3025949386,The ERA5 global reanalysis,2020,article,31843,True
https://openalex.org/W2144081223,Coot : model-building tools for molecular graphics,2004,article,31720,True
https://openalex.org/W2160234571,Homeostasis model assessment: insulin resistance and ?-cell function from fasting plasma glucose and insulin concentrations in man,1985,article,31712,True
https://openalex.org/W2148905283,Development and validation of brief measures of positive and negative affect: The PANAS scales.,1988,article,31695,False
https://openalex.org/W1498436455,Learning representations by back-propagating errors,1986,article,31680,False
https://openalex.org/W2162348455,Biodiversity hotspots for conservation priorities,2000,article,31616,False
https://openalex.org/W2289205268,Como Elaborar Projetos de Pesquisa,2010,book,31578,True
https://openalex.org/W2105934661,A New Approach to Linear Filtering and Prediction Problems,1960,article,31483,False
https://openalex.org/W2183341477,Rethinking the Inception Architecture for Computer Vision,2016,conference-paper,31460,False
https://openalex.org/W2150291618,The central role of the propensity score in observational studies for causal effects,1983,article,31410,True
https://openalex.org/W2096998881,Classification of Surgical Complications,2004,article,31408,True
https://openalex.org/W2035266068,Molecular dynamics with coupling to an external bath,1984,article,31349,True
https://openalex.org/W2296319761,Convex Optimization,2004,book,31249,True
https://openalex.org/W3008827533,Clinical Characteristics of Coronavirus Disease 2019 in China,2020,article,31243,True
https://openalex.org/W2044591029,Semiempirical GGA‐type density functional constructed with a long‐range dispersion correction,2006,article,31212,False
https://openalex.org/W2067174909,Particle mesh Ewald: An N ⋅log( N ) method for Ewald sums in large systems,1993,article,31200,True
https://openalex.org/W2951912016,fastp: an ultra-fast all-in-one FASTQ preprocessor,2018,article,31155,True
https://openalex.org/W2102619694,BEDTools: a flexible suite of utilities for comparing genomic features,2010,article,31091,True
https://openalex.org/W2145339207,Human-level control through deep reinforcement learning,2015,article,30960,False
https://openalex.org/W2560367415,PD-1 and PD-L1 Immune Checkpoint Blockade to Treat Breast Cancer,2016,article,30920,True
https://openalex.org/W1988091937,"Balanced basis sets of split valence, triple zeta valence and quadruple zeta valence quality for H to Rn: Design and assessment of accuracy",2005,article,30860,False
https://openalex.org/W1513717105,Molecular Cloning. A Laboratory Manual,1983,article,30638,False
https://openalex.org/W2087070363,An Algorithm for Least-Squares Estimation of Nonlinear Parameters,1963,article,30621,False
https://openalex.org/W4292528167,World Medical Association Declaration of Helsinki,2013,article,30553,False
https://openalex.org/W3106250896,SSD: Single Shot MultiBox Detector,2016,article,30521,False
https://openalex.org/W3001897055,"A Novel Coronavirus from Patients with Pneumonia in China, 2019",2020,article,30492,True
https://openalex.org/W2150697053,"The M06 suite of density functionals for main group thermochemistry, thermochemical kinetics, noncovalent interactions, excited states, and transition elements: two new functionals and systematic testing of four M06-class functionals and 12 other functionals",2007,article,30468,True
https://openalex.org/W2798909945,Matrix Computations,2012,book,30417,False
https://openalex.org/W244186264,Standard Methods for the Examination of Water and Wastewater,1982,article,30220,False
https://openalex.org/W1678356000,Greedy function approximation: A gradient boosting machine.,2001,article,30123,True
https://openalex.org/W4292806894,The MOS 36-ltem Short-Form Health Survey (SF-36),1992,article,30112,False
https://openalex.org/W2124026197,Features and development of Coot,2010,article,30058,True
https://openalex.org/W2138207763,featureCounts: an efficient general purpose program for assigning sequence reads to genomic features,2013,article,30053,True
https://openalex.org/W2065461553,A simple method for estimating evolutionary rates of base substitutions through comparative studies of nucleotide sequences,1980,article,30035,False
https://openalex.org/W2019607817,New response evaluation criteria in solid tumours: Revised RECIST guideline (version 1.1),2008,article,29979,False
https://openalex.org/W2751862591,An introduction to probability theory and its applications,1958,article,29954,False
https://openalex.org/W2752782242,Squeeze-and-Excitation Networks,2018,conference-paper,29932,False
https://openalex.org/W4233194460,Preparation of Graphitic Oxide,1958,article,29877,False
https://openalex.org/W1966327575,WGCNA: an R package for weighted correlation network analysis,2008,article,29871,True
https://openalex.org/W2124776405,Neural Networks: A Comprehensive Foundation,1998,article,29840,True
https://openalex.org/W2565639579,Feature Pyramid Networks for Object Detection,2017,conference-paper,29701,False
https://openalex.org/W2607031541,"Magnesium Replacement Improves the Metabolic Profile in Obese and Pre-Diabetic Patients with Mild-to-Moderate Chronic Kidney Disease: A 3-Month, Randomised, Double-Blind, Placebo-Controlled Study",2017,article,29696,True
https://openalex.org/W2077791698,The Pricing of Options and Corporate Liabilities,1973,article,29630,False
https://openalex.org/W2963150697,Mask R-CNN,2017,conference-paper,29522,False
https://openalex.org/W2146058063,MrBayes 3: Bayesian phylogenetic inference under mixed models,2003,article,29521,True
https://openalex.org/W2155648052,Society and the Adolescent Self-Image,1965,book,29466,False
https://openalex.org/W2145023731,A Computational Approach to Edge Detection,1986,article,29461,False
https://openalex.org/W2000117884,Basics of Qualitative Research: Grounded Theory Procedures and Techniques.,1992,article,29443,False
https://openalex.org/W1595159159,Differential Evolution – A Simple and Efficient Heuristic for global Optimization over Continuous Spaces,1997,article,29366,False
https://openalex.org/W1983310681,Assay for lipid peroxides in animal tissues by thiobarbituric acid reaction,1979,article,29348,False
https://openalex.org/W2132454074,SHELXT – Integrated space-group and crystal-structure determination,2014,article,29334,True
https://openalex.org/W2120145199,QUANTUM ESPRESSO: a modular and open-source software project for quantum simulations of materials,2009,article,29279,True
https://openalex.org/W2137015675,Clustal W and Clustal X version 2.0,2007,article,29235,False
https://openalex.org/W3009885589,"Clinical course and risk factors for mortality of adult inpatients with COVID-19 in Wuhan, China: a retrospective cohort study",2020,article,29223,True
https://openalex.org/W2173251738,The NCEP/NCAR 40-Year Reanalysis Project,1996,article,29211,False
https://openalex.org/W2337002970,"Mapping the Margins: Intersectionality, Identity Politics, and Violence against Women of Color",1991,article,29208,False
https://openalex.org/W1757407923,"Cancer incidence and mortality worldwide: Sources, methods and major patterns in GLOBOCAN 2012",2014,article,29166,True
https://openalex.org/W2139122730,Sample Selection Bias as a Specification Error,1979,article,29146,False
https://openalex.org/W2171074980,A Simplex Method for Function Minimization,1965,article,29068,False
https://openalex.org/W2009674410,Use of Dinitrosalicylic Acid Reagent for Determination of Reducing Sugar,1959,article,29032,False
https://openalex.org/W249845531,The rat brain in stereotaxic coordinates,1983,article,29006,False
https://openalex.org/W2076452041,Measuring the efficiency of decision making units,1978,article,28968,True
https://openalex.org/W2327037637,A Guideline of Selecting and Reporting Intraclass Correlation Coefficients for Reliability Research,2016,article,28958,True
https://openalex.org/W2125121305,MEGA4: Molecular Evolutionary Genetics Analysis (MEGA) Software Version 4.0,2007,article,28879,True
https://openalex.org/W2280404143,The Third International Consensus Definitions for Sepsis and Septic Shock (Sepsis-3),2016,article,28747,True
https://openalex.org/W2034269086,The Hallmarks of Cancer,2000,article,28693,True
https://openalex.org/W1780382453,"Communities of practice learning, meaning, and identity",1999,article,28566,False
https://openalex.org/W1997087247,"Methods for Dietary Fiber, Neutral Detergent Fiber, and Nonstarch Polysaccharides in Relation to Animal Nutrition",1991,article,28559,True
https://openalex.org/W3022339544,Economic Action and Social Structure: The Problem of Embeddedness,1985,article,28533,False
https://openalex.org/W4292157289,Judgment under Uncertainty: Heuristics and Biases,1974,article,28525,False
https://openalex.org/W2148698435,MrBayes 3.2: Efficient Bayesian Phylogenetic Inference and Model Choice Across a Large Model Space,2012,article,28522,True
https://openalex.org/W1980216394,"A low-cost, high-efficiency solar cell based on dye-sensitized colloidal TiO2 films",1991,article,28512,True
https://openalex.org/W1536680647,Fast R-CNN,2015,conference-paper,28398,False
https://openalex.org/W2567289819,null,2016,article,28340,True
https://openalex.org/W2111647009,IQ-TREE: A Fast and Effective Stochastic Algorithm for Estimating Maximum-Likelihood Phylogenies,2014,article,28208,True
https://openalex.org/W2096747776,Effect of the damping function in dispersion corrected density functional theory,2011,article,28098,False
https://openalex.org/W2156220037,Clinical diagnosis of Alzheimer's disease,1984,article,28056,True
https://openalex.org/W2038600245,Gender Trouble: Feminism and the Subversion of Identity,1991,article,28048,False
https://openalex.org/W3022903699,The PRISMA Statement for Reporting Systematic Reviews and Meta-Analyses of Studies That Evaluate Health Care Interventions: Explanation and Elaboration,2009,review,28045,True
https://openalex.org/W1995834279,Common risk factors in the returns on stocks and bonds,1993,article,27985,False
https://openalex.org/W2118310760,"Summary of the Second Report of the National Cholesterol Education Program (NCEP) Expert Panel on Detection, Evaluation, and Treatment of High Blood Cholesterol in Adults (Adult Treatment Panel II)",1993,article,27894,False
https://openalex.org/W1546783991,Experiments in molecular genetics,1972,article,27848,False
https://openalex.org/W2141846678,"Self-determination theory and the facilitation of intrinsic motivation, social development, and well-being.",2000,article,27848,False
https://openalex.org/W1965278510,Institutionalized Organizations: Formal Structure as Myth and Ceremony,1977,article,27839,False
https://openalex.org/W2011254969,Adsorption of Gases in Multimolecular Layers,1938,article,27820,False
https://openalex.org/W1573234480,Discovering Statistics Using SPSS,2000,book,27797,False
https://openalex.org/W2162604832,A Closed‐form Equation for Predicting the Hydraulic Conductivity of Unsaturated Soils,1980,article,27736,False
https://openalex.org/W2120902911,SPAdes: A New Genome Assembly Algorithm and Its Applications to Single-Cell Sequencing,2012,article,27728,False
https://openalex.org/W2917837889,"Global cancer statistics, 2012",2015,article,27417,True
https://openalex.org/W4214717370,Reinforcement Learning: An Introduction,1998,article,27409,False
https://openalex.org/W4301056702,Outline of a Theory of Practice,1977,book,27364,False
https://openalex.org/W1971048984,A new and rapid colorimetric determination of acetylcholinesterase activity,1961,article,27184,False
https://openalex.org/W1880262756,Latent dirichlet allocation,2003,article,27080,False
https://openalex.org/W2963351448,Focal Loss for Dense Object Detection,2017,conference-paper,27052,False
https://openalex.org/W2114570899,Analyzing real-time PCR data by the comparative CT method,2008,article,27032,False
https://openalex.org/W2129995310,Principles of Fluorescence Spectroscopy,1999,book,27032,False
https://openalex.org/W2161374186,Preferred reporting items for systematic review and meta-analysis protocols (PRISMA-P) 2015 statement,2015,review,26990,True
https://openalex.org/W2148603752,Statistical Learning Theory,1999,article,26957,False
https://openalex.org/W1989314580,Statistical principles in experimental design.,1962,book,26940,False
https://openalex.org/W2086933933,An improved technique for determining hardness and elastic modulus using load and displacement sensing indentation experiments,1992,article,26877,False
https://openalex.org/W2125987139,Induction of Pluripotent Stem Cells from Mouse Embryonic and Adult Fibroblast Cultures by Defined Factors,2006,article,26764,True
https://openalex.org/W2033952602,Handbook of Qualitative Research,1994,article,26728,False
https://openalex.org/W2102278945,HISAT: a fast spliced aligner with low memory requirements,2015,article,26686,True
https://openalex.org/W1580788756,Regression Models and Life-Tables,1992,book-chapter,26658,False
https://openalex.org/W2963163009,MobileNetV2: Inverted Residuals and Linear Bottlenecks,2018,conference-paper,26518,False
https://openalex.org/W2121745948,The ERA‐Interim reanalysis: configuration and performance of the data assimilation system,2011,article,26442,False
https://openalex.org/W2052729098,Intrinsic Motivation and Self-Determination in Human Behavior,1985,book,26433,True
https://openalex.org/W2006370393,Tissue sulfhydryl groups,1959,article,26396,False
https://openalex.org/W2108818539,A Heteroskedasticity-Consistent Covariance Matrix Estimator and a Direct Test for Heteroskedasticity,1980,article,26357,False
https://openalex.org/W1913957972,lavaan : An R Package for Structural Equation Modeling,2012,article,26332,True
https://openalex.org/W2044950274,The Presentation of Self in Everyday Life.,1956,article,26162,False
https://openalex.org/W2282054059,"Methods in Enzymology , Vol",1966,article,26162,False
https://openalex.org/W4238251256,"Executive Summary of the Third Report of the National Cholesterol Education Program (NCEP) Expert Panel on Detection, Evaluation, and Treatment of High Blood Cholesterol in Adults (Adult Treatment Panel III)",2001,article,26125,False
https://openalex.org/W2560438049,Rayyan—a web and mobile app for systematic reviews,2016,review,26073,True
https://openalex.org/W1491644571,Understanding Attitudes and Predicting Social Behavior,1980,article,26068,False
https://openalex.org/W2118338381,Principles and Practice of Structural Equation Modeling,2012,article,26068,True
https://openalex.org/W2121393013,Imagined Communities. Reflections on the Origin and Spread of Nationalism,1985,article,26058,False
https://openalex.org/W2012991711,Antioxidant activity applying an improved ABTS radical cation decolorization assay,1999,article,26050,False
https://openalex.org/W2155965977,A New Equation to Estimate Glomerular Filtration Rate,2009,article,26019,True
https://openalex.org/W1993663609,The iron cage revisited institutional isomorphism and collective rationality in organizational fields,2004,book-chapter,26018,True
https://openalex.org/W2165758561,"The Montreal Cognitive Assessment, MoCA: A Brief Screening Tool For Mild Cognitive Impairment",2005,article,26018,False
https://openalex.org/W2905811773,When to use and how to report the results of PLS-SEM,2018,article,25966,False
https://openalex.org/W2028056984,"VESTA 3 for three-dimensional visualization of crystal, volumetric and morphology data",2011,article,25908,False
https://openalex.org/W2085261163,Random sample consensus,1981,article,25866,True
https://openalex.org/W3123534837,Social Capital in the Creation of Human Capital,1988,article,25810,False
https://openalex.org/W2121863487,Reinforcement Learning: An Introduction,2005,article,25758,False
https://openalex.org/W1570448133,Data Mining: Practical Machine Learning Tools and Techniques,2011,book,25728,True
https://openalex.org/W2033943395,User Acceptance of Computer Technology: A Comparison of Two Theoretical Models,1989,article,25712,False
https://openalex.org/W2065853716,Use of a free radical method to evaluate antioxidant activity,1995,article,25710,True
https://openalex.org/W1539265701,"Educational Research: Planning, Conducting, and Evaluating Quantitative and Qualitative Research",2001,article,25700,False
https://openalex.org/W1550621568,Social Learning Theory.,1978,article,25693,False
https://openalex.org/W2105668062,AutoDock4 and AutoDockTools4: Automated docking with selective receptor flexibility,2009,article,25642,True
https://openalex.org/W2138522501,Chemical and isotopic systematics of oceanic basalts: implications for mantle composition and processes,1989,article,25632,False
https://openalex.org/W2156121263,"The Seventh Report of the Joint National Committee on Prevention, Detection, Evaluation, and Treatment of High Blood Pressure The JNC 7 Report",2003,article,25604,False
https://openalex.org/W191793640,[13] Catalase in vitro,1984,book-chapter,25543,False
https://openalex.org/W2128495200,EEGLAB: an open source toolbox for analysis of single-trial EEG dynamics including independent component analysis,2004,article,25534,False
https://openalex.org/W2128158076,Geant4—a simulation toolkit,2003,article,25467,True
https://openalex.org/W3118608800,Learning Multiple Layers of Features from Tiny Images,2024,article,25429,True
https://openalex.org/W1992193527,Alternative Ways of Assessing Model Fit,1992,article,25376,False
https://openalex.org/W1607171655,Manual for the State-Trait Anxiety Inventory,1970,article,25363,False
https://openalex.org/W3121147769,"Institutions, Institutional Change and Economic Performance",1991,article,25309,False
https://openalex.org/W1598602811,Cochrane Handbook for Systematic Reviews of Interventions,2008,book,25251,False
https://openalex.org/W4393935425,Global cancer statistics 2022: GLOBOCAN estimates of incidence and mortality worldwide for 36 cancers in 185 countries,2024,article,25238,True
https://openalex.org/W2014669590,A technique for radiolabeling DNA restriction endonuclease fragments to high specific activity,1983,article,25163,False
https://openalex.org/W2140956556,A resource‐based view of the firm,1984,article,25147,False
https://openalex.org/W2798333393,Digital communications,2007,book-chapter,25096,False
https://openalex.org/W2127911529,THE USE OF LEAD CITRATE AT HIGH pH AS AN ELECTRON-OPAQUE STAIN IN ELECTRON MICROSCOPY,1963,article,25091,True
https://openalex.org/W2049079467,Accurate and simple analytic representation of the electron-gas correlation energy,1992,article,25067,False
https://openalex.org/W2157331557,Learning Phrase Representations using RNN Encoder–Decoder for Statistical Machine Translation,2014,conference-paper,25043,True
https://openalex.org/W4299627282,Statistical Power Analysis for the Behavioral Sciences,2013,book,25037,False
https://openalex.org/W2164059021,Frailty in Older Adults: Evidence for a Phenotype,2001,article,24992,False
https://openalex.org/W2254735081,The Ecology of Human Development,1979,book,24951,False
https://openalex.org/W2944434778,The REDCap consortium: Building an international community of software platform partners,2019,article,24938,True
https://openalex.org/W2963276645,"Reproducible, interactive, scalable and extensible microbiome data science using QIIME 2",2019,article,24889,True
https://openalex.org/W2105685140,The electronic properties of graphene,2009,article,24849,True
https://openalex.org/W2180229411,PHENIX : a comprehensive Python-based system for macromolecular structure solution,2010,article,24812,True
https://openalex.org/W2769264260,The Effect of Intensive Treatment of Diabetes on the Development and Progression of Long-Term Complications in Insulin-Dependent Diabetes Mellitus,1993,article,24803,True
https://openalex.org/W1986191025,PROCHECK: a program to check the stereochemical quality of protein structures,1993,article,24795,False
https://openalex.org/W2168909179,Initial sequencing and analysis of the human genome,2001,article,24721,True
https://openalex.org/W2114004260,Colorimetry of Total Phenolics with Phosphomolybdic-Phosphotungstic Acid Reagents,1965,article,24659,False
https://openalex.org/W1513618424,Modern Applied Statistics with S,2002,book,24641,False
https://openalex.org/W2153222072,Content Analysis: An Introduction to its Methodology.,1984,article,24598,False
https://openalex.org/W2588681363,The “Golden Age” of Probiotics: A Systematic Review and Meta-Analysis of Randomized and Observational Studies in Preterm Infants,2017,review,24496,False
https://openalex.org/W1480376833,The Elements of Statistical Learning,2001,book,24395,True
https://openalex.org/W2787894218,The Elements of Statistical Learning,2009,book,24384,False
https://openalex.org/W2774486220,lmerTest Package: Tests in Linear Mixed Effects Models,2017,article,24337,True
https://openalex.org/W3120740533,UCI Machine Learning Repository,2007,article,24329,False
https://openalex.org/W1980704616,Reporting physisorption data for gas/solid systems with special reference to the determination of surface area and porosity (Recommendations 1984),1985,article,24287,True
https://openalex.org/W2070631858,A Contribution to the Theory of Economic Growth,1956,article,24264,False
https://openalex.org/W2033904036,River flow forecasting through conceptual models part I — A discussion of principles,1970,article,24263,False
https://openalex.org/W2169528473,A note on two problems in connexion with graphs,1959,article,24128,False
https://openalex.org/W4300009529,Summary for Policymakers,2014,book-chapter,24114,True
https://openalex.org/W2018201949,Comparative fit indexes in structural models.,1990,article,24096,False
https://openalex.org/W4392145873,"Two new Later Stone Age sites from the Final Pleistocene in the Falémé Valley, eastern Senegal",2024,article,24076,True
https://openalex.org/W4300107936,A Theory of Cognitive Dissonance,1957,book,24006,False
https://openalex.org/W1594031697,Classification and Regression Trees.,1984,article,23915,False
https://openalex.org/W1999574084,RSEM: accurate transcript quantification from RNA-Seq data with or without a reference genome,2011,article,23883,True
https://openalex.org/W1515587369,The Discovery of Grounded Theory,2017,book,23878,False
https://openalex.org/W2142678478,BLAST+: architecture and applications,2009,article,23829,True
https://openalex.org/W1991794210,Canonical dynamics: Equilibrium phase-space distributions,1985,article,23741,False
https://openalex.org/W3089485186,Handbook of X-Ray Photoelectron Spectroscopy,1995,article,23690,False
https://openalex.org/W2015930340,The Nature of the Firm,1937,article,23688,True
https://openalex.org/W2007221293,The empirical mode decomposition and the Hilbert spectrum for nonlinear and non-stationary time series analysis,1998,article,23679,True
https://openalex.org/W2165698076,A Survey on Transfer Learning,2009,article,23665,False
https://openalex.org/W3021722416,Partial Differential Equations,1988,book,23631,True
https://openalex.org/W1914972138,Designing and Conducting Mixed Methods Research,2007,article,23559,True
https://openalex.org/W3035965352,Array programming with NumPy,2020,article,23526,True
https://openalex.org/W3004280078,A pneumonia outbreak associated with a new coronavirus of probable bat origin,2020,article,23434,True
https://openalex.org/W4250955649,Compressed sensing,2006,article,23420,False
https://openalex.org/W2124192278,Numerical Heat Transfer and Fluid Flow,2018,book,23417,False
https://openalex.org/W2884585870,CBAM: Convolutional Block Attention Module,2018,conference-paper,23416,False
https://openalex.org/W2047735993,Strategic management a stakeholder approach,1984,article,23415,False
https://openalex.org/W1985940938,A quantitative description of membrane current and its application to conduction and excitation in nerve,1952,article,23407,True
https://openalex.org/W2148284063,Ab Initio Calculation of Vibrational Absorption and Circular Dichroism Spectra Using Density Functional Force Fields,1994,article,23398,False
https://openalex.org/W2141403362,Intraclass correlations: Uses in assessing rater reliability.,1979,article,23278,False
https://openalex.org/W2092713296,Multiple Range and Multiple F Tests,1955,article,23267,False
https://openalex.org/W2124985265,Ultrafast and memory-efficient alignment of short DNA sequences to the human genome,2009,article,23252,True
https://openalex.org/W2141951329,Building Theories from Case Study Research,1989,article,23242,True
https://openalex.org/W2035687084,A smooth particle mesh Ewald method,1995,article,23240,False
https://openalex.org/W2226396244,The Tragedy of the Commons,1968,article,23206,False
https://openalex.org/W1975304761,A simple method for displaying the hydropathic character of a protein,1982,article,23184,False
https://openalex.org/W2178225550,Investigating Causal Relations by Econometric Models and Cross-spectral Methods,1969,article,23180,False
https://openalex.org/W1933657216,The Ecological Approach to Visual Perception,1980,article,23168,False
https://openalex.org/W1975994995,Distribution of the Estimators for Autoregressive Time Series with a Unit Root,1979,article,23164,True
https://openalex.org/W2087585288,Soft self-consistent pseudopotentials in a generalized eigenvalue formalism,1990,article,23119,False
https://openalex.org/W2056279562,phyloseq: An R Package for Reproducible Interactive Analysis and Graphics of Microbiome Census Data,2013,article,23113,True
https://openalex.org/W1986113254,"THE ADSORPTION OF GASES ON PLANE SURFACES OF GLASS, MICA AND PLATINUM.",1918,article,23099,False
https://openalex.org/W2300552860,A RAPID METHOD OF TOTAL LIPID EXTRACTION AND PURIFICATION,1959,article,23094,False
https://openalex.org/W158727920,Judgment under Uncertainty: Heuristics and Biases,1975,book-chapter,23087,False
https://openalex.org/W2165010366,GRADE: an emerging consensus on rating quality of evidence and strength of recommendations,2008,article,23086,True
https://openalex.org/W2134526812,HTSeq—a Python framework to work with high-throughput sequencing data,2014,article,23080,True
https://openalex.org/W4251751280,MEGA11: Molecular Evolutionary Genetics Analysis Version 11,2021,article,23070,True
https://openalex.org/W2087698390,Ab initio molecular-dynamics simulation of the liquid-metal–amorphous-semiconductor transition in germanium,1994,article,23001,False
https://openalex.org/W2057327293,Organometal Halide Perovskites as Visible-Light Sensitizers for Photovoltaic Cells,2009,article,22992,False
https://openalex.org/W2156109180,"The Market for ""Lemons"": Quality Uncertainty and the Market Mechanism",1970,article,22972,False
https://openalex.org/W2126419817,Full-length transcriptome assembly from RNA-Seq data without a reference genome,2011,article,22937,True
https://openalex.org/W2165292984,The Ferric Reducing Ability of Plasma (FRAP) as a Measure of “Antioxidant Power”: The FRAP Assay,1996,article,22911,False
https://openalex.org/W2125838338,A tutorial on hidden Markov models and selected applications in speech recognition,1989,article,22909,False
https://openalex.org/W2168569455,A Theoretical Extension of the Technology Acceptance Model: Four Longitudinal Field Studies,2000,article,22876,True
https://openalex.org/W2328176404,Comparing the Areas under Two or More Correlated Receiver Operating Characteristic Curves: A Nonparametric Approach,1988,article,22838,False
https://openalex.org/W2127218421,Some methods for classification and analysis of multivariate observations,1967,article,22827,False
https://openalex.org/W2056879345,A Thousand Plateaus: Capitalism and Schizophrenia,1989,article,22812,False
https://openalex.org/W2067404301,The qualitative content analysis process,2008,article,22801,True
https://openalex.org/W2962858109,Grad-CAM: Visual Explanations from Deep Networks via Gradient-Based Localization,2017,conference-paper,22766,False
https://openalex.org/W3002108456,"Epidemiological and clinical characteristics of 99 cases of 2019 novel coronavirus pneumonia in Wuhan, China: a descriptive study",2020,article,22758,True
https://openalex.org/W2044465660,Textural Features for Image Classification,1973,article,22753,False
https://openalex.org/W1631356911,Quantum Computation and Quantum Information,2002,article,22746,False
https://openalex.org/W4281687410,Diagnostic and Statistical Manual of Mental Disorders,2022,book,22727,False
https://openalex.org/W2116122104,Floral dip: a simplified method for Agrobacterium ‐mediated transformation of Arabidopsis thaliana,1998,article,22648,True
https://openalex.org/W2990427812,Welcome to the Tidyverse,2019,article,22634,True
https://openalex.org/W2412782625,"DeepLab: Semantic Image Segmentation with Deep Convolutional Nets, Atrous Convolution, and Fully Connected CRFs",2017,article,22622,False
https://openalex.org/W3120106258,Home visits: a strategy to improve newborn survival - Authors' reply,2008,article,22607,True
https://openalex.org/W1999996900,Generalized autoregressive conditional heteroskedasticity,1986,article,22548,True
https://openalex.org/W1974907033,COPPER ENZYMES IN ISOLATED CHLOROPLASTS. POLYPHENOLOXIDASE IN BETA VULGARIS,1949,article,22524,True
https://openalex.org/W4214907476,Advances In Experimental Social Psychology,2022,book,22492,False
https://openalex.org/W1989157562,Electrochemical Methods: Fundamentals and Applications,1980,article,22451,False
https://openalex.org/W2056722718,Introduction to Solid State Physics,1957,article,22423,False
https://openalex.org/W3121403162,Initial conditions and moment restrictions in dynamic panel data models,1998,article,22407,False
https://openalex.org/W2610857016,Matrix Analysis,1985,book,22392,False
https://openalex.org/W4210702550,Communities of Practice,1998,book,22391,False
https://openalex.org/W2161339576,Detecting the number of clusters of individuals using the software structure : a simulation study,2005,article,22349,True
https://openalex.org/W2962793481,Unpaired Image-to-Image Translation Using Cycle-Consistent Adversarial Networks,2017,conference-paper,22319,True
https://openalex.org/W1981276685,Advances in neural information processing systems 7,1997,article,22312,False
https://openalex.org/W2746485780,The value of the world's ecosystem services and natural capital,1997,article,22306,False
https://openalex.org/W2161444534,MRBAYES: Bayesian inference of phylogenetic trees,2001,article,22295,True
https://openalex.org/W2149868499,Qualitative Inquiry and Research Design: Choosing Among Five Approaches,2015,article,22278,False
https://openalex.org/W3206606417,"Atoms, molecules, solids, and surfaces: Applications of the generalized gradient approximation for exchange and correlation",1992,article,22239,False
https://openalex.org/W3039083618,Classical Electrodynamics,2020,book-chapter,22226,False
https://openalex.org/W2060333964,Isolation of biologically active ribonucleic acid from sources enriched in ribonuclease,1979,article,22214,False
https://openalex.org/W1992897439,Principles and procedures of statistics.,1960,article,22208,False
https://openalex.org/W2148941593,The calculation of small molecular interactions by the differences of separate total energies. Some procedures with reduced errors,1970,article,22159,False
https://openalex.org/W2091160252,"AN EXAMINATION OF THE DEGTJAREFF METHOD FOR DETERMINING SOIL ORGANIC MATTER, AND A PROPOSED MODIFICATION OF THE CHROMIC ACID TITRATION METHOD",1934,article,22153,True
https://openalex.org/W593898368,Prosedur Penelitian Suatu Pendekatan Praktik,2006,article,22140,False
https://openalex.org/W2599076725,The Strengthening the Reporting of Observational Studies in Epidemiology (STROBE) Statement: Guidelines for Reporting Observational Studies,2007,article,22135,True
https://openalex.org/W2157825442,The meaning and use of the area under a receiver operating characteristic (ROC) curve.,1982,article,22102,False
https://openalex.org/W1663973292,Pattern Recognition and Machine Learning,2007,article,22083,False
https://openalex.org/W2100826189,Generalized expectancies for internal versus external control of reinforcement.,1966,article,22071,False
https://openalex.org/W2171129594,International Physical Activity Questionnaire: 12-Country Reliability and Validity,2003,article,22055,False
https://openalex.org/W2078206416,The Fractal Geometry of Nature,1983,article,21994,False
https://openalex.org/W2096287682,Radiotherapy Plus Concomitant and Adjuvant Temozolomide for Glioblastoma,2005,article,21973,True
https://openalex.org/W2133766618,Case study research: design and methods,2011,article,21954,False
https://openalex.org/W2108718991,"Introducing mothur: Open-Source, Platform-Independent, Community-Supported Software for Describing and Comparing Microbial Communities",2009,article,21952,True
https://openalex.org/W2081228936,"Culture's Consequences: Comparing Values, Behaviors, Institutions, and Organizations across Nations",2002,article,21950,False
https://openalex.org/W2124351063,Search and clustering orders of magnitude faster than BLAST,2010,article,21922,True
https://openalex.org/W1649645444,Design Patterns: Elements of Reusable Object-Oriented Software,1994,article,21919,False
https://openalex.org/W2121044470,A Simple Sequentially Rejective Multiple Test Procedure,1979,article,21882,False
https://openalex.org/W2081155210,The need to belong: Desire for interpersonal attachments as a fundamental human motivation.,1995,article,21856,False
https://openalex.org/W2085491458,Social Capital in the Creation of Human Capital,2000,book-chapter,21839,False
https://openalex.org/W2158698691,An introduction to ROC analysis,2005,article,21830,False
https://openalex.org/W2141260882,A new generation of Ca2+ indicators with greatly improved fluorescence properties.,1985,article,21778,True
https://openalex.org/W2324841714,Atherosclerosis — An Inflammatory Disease,1999,article,21776,False
https://openalex.org/W2141088880,Introduction to Quantitative Genetics.,1982,article,21762,False
https://openalex.org/W3214833809,Qualitative evaluation and research methods,1990,article,21753,False
https://openalex.org/W2109606373,Smoothing and Differentiation of Data by Simplified Least Squares Procedures.,1964,article,21747,False
https://openalex.org/W2099471712,GAN（Generative Adversarial Nets）,2017,article,21739,True
https://openalex.org/W2122427541,A climbing image nudged elastic band method for finding saddle points and minimum energy paths,2000,article,21728,False
https://openalex.org/W2164284962,Exploration and Exploitation in Organizational Learning,1991,article,21727,False
https://openalex.org/W2106140689,Numerical integration of the cartesian equations of motion of a system with constraints: molecular dynamics of n-alkanes,1977,article,21714,False
https://openalex.org/W2137358449,An Evolutionary Theory of Economic Change.,1983,article,21710,False
https://openalex.org/W2131681506,Fast unfolding of communities in large networks,2008,article,21677,True
https://openalex.org/W3210839039,Linear Matrix Inequalities in System and Control Theory,1994,book,21652,False
https://openalex.org/W2137983211,Multilayer feedforward networks are universal approximators,1989,article,21633,False
https://openalex.org/W2193145675,SSD: Single Shot MultiBox Detector,2016,conference-paper,21632,True
https://openalex.org/W2140606211,The Positive and Negative Syndrome Scale (PANSS) for Schizophrenia,1987,article,21573,True
https://openalex.org/W2125284466,Two-dimensional gas of massless Dirac fermions in graphene,2005,article,21561,True
https://openalex.org/W2122825543,Regularization and Variable Selection Via the Elastic Net,2005,article,21519,True
https://openalex.org/W2999417355,"Cancer statistics, 2020",2020,article,21472,True
https://openalex.org/W3009912996,SARS-CoV-2 Cell Entry Depends on ACE2 and TMPRSS2 and Is Blocked by a Clinically Proven Protease Inhibitor,2020,article,21471,True
https://openalex.org/W1516534262,Qualitative Research: A Guide to Design and Implementation,2009,article,21459,False
https://openalex.org/W1987971958,Silhouettes: A graphical aid to the interpretation and validation of cluster analysis,1987,article,21459,True
https://openalex.org/W1981989535,Estimates of worldwide burden of cancer in 2008: GLOBOCAN 2008,2010,article,21439,False
https://openalex.org/W2568476927,The Reflective Practitioner: How Professionals Think in Action,1985,article,21412,False
https://openalex.org/W2543580944,Particle swarm optimization,2007,article,21407,False
https://openalex.org/W1515810707,The Constitution of Society. Outline of the Theory of Structuration,1984,article,21359,False
https://openalex.org/W2132984323,A theory for multiresolution signal decomposition: the wavelet representation,1989,article,21347,False
https://openalex.org/W1988050849,PLS-SEM: Indeed a Silver Bullet,2011,article,21343,False
https://openalex.org/W1974097079,Two-equation eddy-viscosity turbulence models for engineering applications,1994,article,21261,False
https://openalex.org/W2075435443,A modified single solution method for the determination of phosphate in natural waters,1962,article,21252,False
https://openalex.org/W3005079553,"Clinical Characteristics of 138 Hospitalized Patients With 2019 Novel Coronavirus–Infected Pneumonia in Wuhan, China",2020,article,21250,True
https://openalex.org/W2100495367,Reducing the Dimensionality of Data with Neural Networks,2006,article,21243,False
https://openalex.org/W1689771227,SERVQUAL: A multiple-Item Scale for measuring consumer perceptions of service quality,1988,article,21213,True
https://openalex.org/W2162123284,Handbook of Optical Constants of Solids,1985,book,21172,False
https://openalex.org/W2159999899,Multilineage Potential of Adult Human Mesenchymal Stem Cells,1999,article,21149,False
https://openalex.org/W2163341755,Phaser crystallographic software,2007,article,21115,True
https://openalex.org/W2128880918,Geneious Basic: An integrated and extendable desktop software platform for the organization and analysis of sequence data,2012,article,21114,True
https://openalex.org/W2122328334,"Qualitative content analysis in nursing research: concepts, procedures and measures to achieve trustworthiness",2003,article,21103,False
https://openalex.org/W2097780989,"Culture and the self: Implications for cognition, emotion, and motivation.",1991,article,21050,False
https://openalex.org/W3085162807,Classification and Regression Trees.,1986,article,21044,False
https://openalex.org/W2041902442,Computer Simulation of Liquids,2017,book,21042,False
https://openalex.org/W3106889297,An Introduction to the Bootstrap,1993,book,21037,False
https://openalex.org/W2028823348,Rapid determination of free proline for water-stress studies,1973,article,21026,False
https://openalex.org/W2911188335,"Cancer statistics, 2019",2019,article,21019,True
https://openalex.org/W1949231392,Issues and challenges facing rechargeable lithium batteries,2001,article,20988,False
https://openalex.org/W2033819227,Multiple View Geometry in Computer Vision,2004,book,20972,False
https://openalex.org/W2150220236,"Software survey: VOSviewer, a computer program for bibliometric mapping",2009,article,20966,True
https://openalex.org/W2159401492,Applied Multiple Regression/Correlation Analysis for the Behavioral Sciences,2014,book,20898,False
https://openalex.org/W2118502261,Multiple Imputation for Nonresponse in Surveys,1987,book,20874,False
https://openalex.org/W1979423827,Meta-analysis of Observational Studies in Epidemiology A Proposal for Reporting,2000,review,20872,False
https://openalex.org/W2058161128,[Japanese version of the Neuropsychiatric Inventory--a scoring system for neuropsychiatric disturbance in dementia patients].,1997,article,20872,False
https://openalex.org/W4243667233,On the evaluation of structural equation models,1988,article,20872,False
https://openalex.org/W1979575715,Autoregressive Conditional Heteroscedasticity with Estimates of the Variance of United Kingdom Inflation,1982,article,20844,False
https://openalex.org/W2010971702,Measurement of the Elastic Properties and Intrinsic Strength of Monolayer Graphene,2008,article,20840,False
https://openalex.org/W4292542163,A theory of human motivation.,1943,article,20828,False
https://openalex.org/W2038533471,Accurate spin-dependent electron liquid correlation energies for local spin density calculations: a critical analysis,1980,article,20766,True
https://openalex.org/W2157300266,A Theory of Social Comparison Processes,1954,article,20723,False
https://openalex.org/W2152885278,Naive Bayesian Classifier for Rapid Assignment of rRNA Sequences into the New Bacterial Taxonomy,2007,article,20713,True
https://openalex.org/W2124637492,Statistical mechanics of complex networks,2002,article,20712,True
https://openalex.org/W2118826874,Lifetime Prevalence and Age-of-Onset Distributions of DSM-IV Disorders in the National Comorbidity Survey Replication,2005,article,20695,False
https://openalex.org/W2148080316,"Special Care Units and Traditional Care in Dementia: Relationship with Behavior, Cognition, Functional Status and Quality of Life - A Review",2013,article,20660,True
https://openalex.org/W2118094114,A simple salting out procedure for extracting DNA from human nucleated cells,1988,article,20629,True
https://openalex.org/W1988790447,A Decision-Theoretic Generalization of On-Line Learning and an Application to Boosting,1997,article,20621,False
https://openalex.org/W2264742718,Logic and Conversation,1975,book-chapter,20594,False
https://openalex.org/W843007777,"Physisorption of gases, with special reference to the evaluation of surface area and pore size distribution (IUPAC Technical Report)",2015,article,20590,False
https://openalex.org/W2081693079,Polymorphic transitions in single crystals: A new molecular dynamics method,1981,article,20583,False
https://openalex.org/W1587026990,ggplot2: Elegant Graphics for Data Analysis,2009,article,20581,False
https://openalex.org/W2787959293,Fractional Differential Equations,2025,book,20502,True
https://openalex.org/W1487923163,Crop evapotranspiration : guidelines for computing crop water requirements,1998,article,20494,False
https://openalex.org/W2162674813,MicroRNAs: Target Recognition and Regulatory Functions,2009,article,20477,True
https://openalex.org/W1528905581,Generalized Linear Models,2005,book-chapter,20450,False
https://openalex.org/W4299689471,Applied Logistic Regression,2000,book,20412,False
https://openalex.org/W2171808845,Model-based Analysis of ChIP-Seq (MACS),2008,article,20399,True
https://openalex.org/W2129660502,How Many Interviews Are Enough?,2005,article,20389,False
https://openalex.org/W1533200881,Distinction: A Social Critique of the Judgement of Taste*,2018,book-chapter,20385,False
https://openalex.org/W2062663664,The Evolution of Cooperation,1981,article,20357,False
https://openalex.org/W2104549677,A global reference for human genetic variation,2015,article,20351,True
https://openalex.org/W1625660792,The Reliability of Molecular Weight Determinations by Dodecyl Sulfate-Polyacrylamide Gel Electrophoresis,1969,article,20349,True
https://openalex.org/W1965555277,On Information and Sufficiency,1951,article,20341,True
https://openalex.org/W2138977668,Induction of Pluripotent Stem Cells from Adult Human Fibroblasts by Defined Factors,2007,article,20316,False
https://openalex.org/W2256756668,A SIMPLE METHOD OF ESTIMATING FIFTY PER CENT ENDPOINTS12,1938,article,20300,False
https://openalex.org/W4294214781,The Psychophysics Toolbox,1997,article,20296,False
https://openalex.org/W2022950330,General atomic and molecular electronic structure system,1993,article,20270,False
https://openalex.org/W2112776483,Very high resolution interpolated climate surfaces for global land areas,2005,article,20255,False
https://openalex.org/W1577577364,Accurate normalization of real-time quantitative RT-PCR data by geometric averaging of multiple internal control genes,2002,article,20241,True
https://openalex.org/W2101157755,"The fifth discipline, the art and practice of the learning organization",1991,article,20187,True
https://openalex.org/W2096093282,Prokka: rapid prokaryotic genome annotation,2014,article,20184,False
https://openalex.org/W1542932561,Research Methods in Education,2007,book,20156,False
https://openalex.org/W2337454357,Intensive blood-glucose control with sulphonylureas or insulin compared with conventional treatment and risk of complications in patients with type 2 diabetes (UKPDS 33),1998,article,20141,False
https://openalex.org/W2082928585,MODELTEST: testing the model of DNA substitution.,1998,article,20131,False
https://openalex.org/W2102074887,Colloquium : Topological insulators,2010,article,20098,True
https://openalex.org/W1966910378,Bounds testing approaches to the analysis of level relationships,2001,article,20078,False
https://openalex.org/W2168605160,Increasing Returns and Long-Run Growth,1986,article,20053,False
https://openalex.org/W2147993766,Development and testing of a general amber force field,2004,article,20022,False
https://openalex.org/W2275737843,The Strengthening the Reporting of Observational Studies in Epidemiology (STROBE) statement: guidelines for reporting observational studies,2007,article,20020,True
https://openalex.org/W2083926174,Optical Constants of the Noble Metals,1972,article,20007,False
https://openalex.org/W2468996569,Preferred Reporting Items for Systematic Reviews and Meta-Analyses: The PRISMA Statement,2009,review,19999,True
https://openalex.org/W2031489346,The Pascal Visual Object Classes (VOC) Challenge,2009,article,19984,True
https://openalex.org/W2152348310,The american rheumatism association 1987 revised criteria for the classification of rheumatoid arthritis,1988,article,19984,False
https://openalex.org/W2035554302,Another look at the instrumental variable estimation of error-components models,1995,article,19954,False
https://openalex.org/W4320013936,Generative Adversarial Nets,2023,book-chapter,19946,False
https://openalex.org/W2059020082,ORTEP-3 for Windows - a version ofORTEP-III with a Graphical User Interface (GUI),1997,article,19938,False
https://openalex.org/W2531269403,ROBINS-I: a tool for assessing risk of bias in non-randomised studies of interventions,2016,article,19921,True
https://openalex.org/W1983649348,THE ATTRACTIONS OF PROTEINS FOR SMALL MOLECULES AND IONS,1949,article,19883,False
https://openalex.org/W377384883,Qualitative data analysis a methods sourcebook,2014,article,19883,False
https://openalex.org/W1566830427,Methods of Enzymatic Analysis,1975,article,19875,False
https://openalex.org/W3092849554,"Global burden of 369 diseases and injuries in 204 countries and territories, 1990–2019: a systematic analysis for the Global Burden of Disease Study 2019",2020,article,19824,True
https://openalex.org/W2168745915,An analysis of variance test for normality (complete samples),1965,article,19803,False
https://openalex.org/W2167311298,Older Adults' Reasons for Using Technology while Aging in Place,2015,article,19759,True
https://openalex.org/W2073832139,Observational Evidence from Supernovae for an Accelerating Universe and a Cosmological Constant,1998,article,19725,True
https://openalex.org/W2259938310,An integrated encyclopedia of DNA elements in the human genome,2012,article,19650,True
https://openalex.org/W4233654598,Governing the Commons,1990,book,19622,False
https://openalex.org/W2085093563,Hybrid functionals based on a screened Coulomb potential,2003,article,19583,False
https://openalex.org/W2412247133,Transforming Our World: The 2030 Agenda for Sustainable Development,2018,book-chapter,19576,False
https://openalex.org/W2005061283,"Black Feminist Thought: Knowledge, Consciousness, and the Politics of Empowerment.",1992,article,19567,False
https://openalex.org/W2317574555,Discipline and Punish: The Birth of the Prison,1978,article,19562,False
https://openalex.org/W2079325629,Fuzzy identification of systems and its applications to modeling and control,1985,article,19555,False
https://openalex.org/W2614081736,ModelFinder: fast model selection for accurate phylogenetic estimates,2017,article,19555,False
https://openalex.org/W2006318126,Building better batteries,2008,article,19552,False
https://openalex.org/W2141394518,Deterministic Nonperiodic Flow,1963,article,19521,True
https://openalex.org/W2016381774,Hierarchical Grouping to Optimize an Objective Function,1963,article,19515,False
https://openalex.org/W2128084896,Neural networks and physical systems with emergent collective computational abilities.,1982,article,19507,False
https://openalex.org/W2171268876,"GROMACS: Fast, flexible, and free",2005,article,19466,False
https://openalex.org/W2900569176,"STRING v11: protein–protein association networks with increased coverage, supporting functional discovery in genome-wide experimental datasets",2018,article,19457,True
https://openalex.org/W2531409750,Xception: Deep Learning with Depthwise Separable Convolutions,2017,conference-paper,19453,False
https://openalex.org/W1554944419,"The Elements of Statistical Learning: Data Mining, Inference, and Prediction",2013,article,19404,False
https://openalex.org/W1866311589,Elliptic Partial Differential Equations of Second Order,2001,book,19403,False
https://openalex.org/W1606423922,High resolution two-dimensional electrophoresis of proteins.,1975,article,19378,True
https://openalex.org/W3171418018,The Mini-International Neuropsychiatric Interview (M.I.N.I.): the development and validation of a structured diagnostic psychiatric interview for DSM-IV and ICD-10,1998,article,19376,False
https://openalex.org/W2030841140,van der Waals Volumes and Radii,1964,article,19371,False
https://openalex.org/W4254275792,Confidence Limits on Phylogenies: An Approach Using the Bootstrap,1985,article,19361,False
https://openalex.org/W3124114405,Corporate financing and investment decisions when firms have information that investors do not have,1984,article,19339,False
https://openalex.org/W2313953460,Time Series Analysis: Forecasting and Control,1977,article,19321,False
https://openalex.org/W2111211467,New Algorithms and Methods to Estimate Maximum-Likelihood Phylogenies: Assessing the Performance of PhyML 3.0,2010,article,19314,True
https://openalex.org/W4230354434,The Interpretation of Cultures,1974,article,19296,False
https://openalex.org/W1542649433,Mineral Nutrition of Higher Plants,1995,book,19287,False
https://openalex.org/W2332086916,Discipline and Punish: The Birth of the Prison.,1978,article,19274,False
https://openalex.org/W3122859634,Separation of Ownership and Control,1983,article,19273,False
https://openalex.org/W2008423326,Toward reliable density functional methods without adjustable parameters: The PBE0 model,1999,article,19271,False
https://openalex.org/W2017196167,A unified formulation of the constant temperature molecular dynamics methods,1984,article,19258,True
https://openalex.org/W2764347725,Quantum computation and quantum information,2001,article,19244,False
https://openalex.org/W2491458126,Principles of Fluorescence Spectroscopy,2006,book,19228,False
https://openalex.org/W4294214983,Interrater reliability: the kappa statistic,2012,article,19228,True
https://openalex.org/W2570343428,"YOLO9000: Better, Faster, Stronger",2017,conference-paper,19227,False
https://openalex.org/W2139168999,Conducting Meta-Analyses in R with the metafor Package,2010,article,19220,True
https://openalex.org/W2121960517,Investigation of the freely available easy-to-use software ‘EZR’ for medical statistics,2012,article,19185,True
https://openalex.org/W2002729176,Conduction of Heat in Solids,1947,article,19178,True
https://openalex.org/W2175723801,Governing the Commons: The Evolution of Institutions for Collective Action,1992,article,19162,True
https://openalex.org/W2798643531,Statistical Methods,1939,article,19160,False
https://openalex.org/W2158822657,Reduction in the Incidence of Type 2 Diabetes with Lifestyle Intervention or Metformin,2002,article,19157,True
https://openalex.org/W1673310716,A density-based algorithm for discovering clusters in large spatial Databases with Noise,1996,article,19148,False
https://openalex.org/W2061438946,Grey Wolf Optimizer,2014,article,19137,True
https://openalex.org/W4300223101,"Handbook of Mathematical Functions with Formulas, Graphs, and Mathematical Tables",1965,article,19124,False
https://openalex.org/W2153435210,THE COLORIMETRIC DETERMINATION OF PHOSPHORUS,1925,article,19107,True
https://openalex.org/W2888190061,Social Foundations of Thought and Action : A Social Cognitive Theory,1985,book,19102,False
https://openalex.org/W2157005274,"Table of Integrals, Series, and Products",1980,book,19065,False
https://openalex.org/W2115017507,The diagnosis of dementia due to Alzheimer's disease: Recommendations from the National Institute on Aging‐Alzheimer's Association workgroups on diagnostic guidelines for Alzheimer's disease,2011,article,19055,True
https://openalex.org/W2899283552,Physics-informed neural networks: A deep learning framework for solving forward and inverse problems involving nonlinear partial differential equations,2018,article,19036,True
https://openalex.org/W1677182931,Delving Deep into Rectifiers: Surpassing Human-Level Performance on ImageNet Classification,2015,conference-paper,19008,False
https://openalex.org/W1487127700,Applied Nonlinear Control,1991,article,18995,False
https://openalex.org/W2111301002,DISC ELECTROPHORESIS – II METHOD AND APPLICATION TO HUMAN SERUM PROTEINS*,1964,article,18974,False
https://openalex.org/W2021365718,"Research design: qualitative, quantitative, and mixed methods approaches",2003,article,18967,True
https://openalex.org/W2008854521,Sensitivity and False Alarm Rate of a Fall Sensor in Long-Term Fall Detection in the Elderly,2014,article,18961,False
https://openalex.org/W1977825494,An Economic Theory of Democracy.,1958,article,18909,False
https://openalex.org/W1559903407,[14] Analysis of total phenols and other oxidation substrates and antioxidants by means of folin-ciocalteu reagent,1999,book-chapter,18893,False
https://openalex.org/W2063334178,WinGX suite for small-molecule single-crystal crystallography,1999,article,18892,False
https://openalex.org/W2116839388,Relationship of Childhood Abuse and Household Dysfunction to Many of the Leading Causes of Death in Adults,1998,article,18892,True
https://openalex.org/W2148606196,The Structure and Function of Complex Networks,2003,article,18888,True
https://openalex.org/W2057477511,Canonical sampling through velocity rescaling,2007,article,18867,True
https://openalex.org/W2324392187,Hierarchical Linear Models: Applications and Data Analysis Methods.,1993,article,18865,False
https://openalex.org/W2030687437,Density-functional approximation for the correlation energy of the inhomogeneous electron gas,1986,article,18852,False
https://openalex.org/W1666853924,Principles of Optics,1999,book,18844,False
https://openalex.org/W2950504429,Reflecting on reflexive thematic analysis,2019,article,18814,True
https://openalex.org/W3099878876,Array programming with NumPy,2020,review,18810,True
https://openalex.org/W2130354913,Birds of a Feather: Homophily in Social Networks,2001,article,18793,False
https://openalex.org/W1997183854,Ferroptosis: An Iron-Dependent Form of Nonapoptotic Cell Death,2012,article,18770,True
https://openalex.org/W1605824561,Constructing grounded theory : a practical guide through qualitative analysis,2006,article,18767,False
https://openalex.org/W2112352537,Specification Tests in Econometrics,1978,article,18757,False
https://openalex.org/W2128529067,Assessment of Older People: Self-Maintaining and Instrumental Activities of Daily Living,1969,article,18720,False
https://openalex.org/W246286872,The Effect of Riding as an Alternative Treatment for Children with Cerebral Palsy: A Systematic Review and Meta-Analysis,2015,review,18698,True
https://openalex.org/W2149441684,The cBio Cancer Genomics Portal: An Open Platform for Exploring Multidimensional Cancer Genomics Data,2012,article,18693,True
https://openalex.org/W2028954902,Qualitative inquiry and research design: choosing among five traditions.,1998,article,18686,False
https://openalex.org/W1672766972,Absorption and Scattering of Light by Small Particles,1998,book,18671,False
https://openalex.org/W2173213060,MapReduce,2008,article,18634,True
https://openalex.org/W2136931384,Antibiotic Susceptibility Testing by a Standardized Single Disk Method,1966,article,18604,False
https://openalex.org/W2730193802,Conduction of heat in solids,1959,article,18541,False
https://openalex.org/W1736209534,Determining Sample Size for Research Activities,1970,article,18524,False
https://openalex.org/W2009667219,Improved patch-clamp techniques for high-resolution current recording from cells and cell-free membrane patches,1981,article,18522,False
https://openalex.org/W2120357670,Studies of interference in serial verbal reactions.,1935,article,18504,True
https://openalex.org/W1590154464,Qualitative research and case study applications in education,1998,book,18499,False
https://openalex.org/W2149608872,Significance tests and goodness of fit in the analysis of covariance structures.,1980,article,18499,False
https://openalex.org/W2170899200,Intrinsic and Extrinsic Motivations: Classic Definitions and New Directions,2000,article,18486,False
https://openalex.org/W4232534952,Measurement of protein using bicinchoninic acid,1985,article,18458,False
https://openalex.org/W2020830322,"Global Cancer Statistics, 2002",2005,article,18423,True
https://openalex.org/W273955616,Classification and Regression by randomForest,2007,article,18420,False
https://openalex.org/W2110540540,Environmental Applications of Semiconductor Photocatalysis,1995,article,18408,False
https://openalex.org/W2140369176,Those Who Understand: Knowledge Growth in Teaching,1986,article,18405,True
https://openalex.org/W1517229207,From Intentions to Actions: A Theory of Planned Behavior,1985,book-chapter,18381,False
https://openalex.org/W3145128584,Introduction to Algorithms,2005,article,18380,False
https://openalex.org/W1966114254,A Theory of Cognitive Dissonance,2017,book,18344,False
https://openalex.org/W4301377693,Harvard business review,1993,article,18342,False
https://openalex.org/W2164598857,Rapid object detection using a boosted cascade of simple features,2005,conference-paper,18336,False
https://openalex.org/W2011303397,Resilience and Stability of Ecological Systems,1973,article,18325,True
https://openalex.org/W4206841660,"Cancer statistics, 2022",2022,article,18315,True
https://openalex.org/W3121759882,Law and Finance,1998,article,18313,False
https://openalex.org/W1591593323,The mathematics of diffusion,1956,article,18310,False
https://openalex.org/W2124624517,Recommendations for Cardiac Chamber Quantification by Echocardiography in Adults: An Update from the American Society of Echocardiography and the European Association of Cardiovascular Imaging,2015,article,18300,True
https://openalex.org/W2149860264,Longitudinal data analysis using generalized linear models,1986,article,18292,True
https://openalex.org/W2004038836,Modernity at Large: Cultural Dimensions of Globalization.,1998,article,18238,False
https://openalex.org/W2076063813,Deep learning in neural networks: An overview,2014,article,18235,True
https://openalex.org/W2049981393,A method for registration of 3-D shapes,1992,article,18233,False
https://openalex.org/W2737217596,"Production, use, and fate of all plastics ever made",2017,article,18231,True
https://openalex.org/W1517701247,Harvard Business Review,1988,article,18229,False
https://openalex.org/W2319410825,Statistical Procedures for Agricultural Research.,1985,article,18212,False
https://openalex.org/W255996521,The PyMOL Molecular Graphics System,2002,article,18212,False
https://openalex.org/W1995341919,A logical calculus of the ideas immanent in nervous activity,1943,article,18208,False
https://openalex.org/W1581414347,Glutathione S-Transferases,1974,article,18191,True
https://openalex.org/W2061901927,Social Network Analysis: Methods and Applications,1994,article,18189,False
https://openalex.org/W2149992227,The variant call format and VCFtools,2011,article,18188,True
https://openalex.org/W2097580026,Testing for a unit root in time series regression,1988,article,18170,False
https://openalex.org/W2390008750,Qualitative evaluation and research methods,1990,article,18153,False
https://openalex.org/W1853767801,Measurements of Ω and Λ from 42 High‐Redshift Supernovae,1999,article,18150,True
https://openalex.org/W2036149274,"Structural equation modeling with AMOS: basic concepts, applications, and programming",2000,article,18110,False
https://openalex.org/W2058815839,Information Theory and an Extension of the Maximum Likelihood Principle,1998,book-chapter,18096,False
https://openalex.org/W2150290224,Statistical Methods for Rates and Proportions,2003,book,18090,False
https://openalex.org/W2135732933,Experimental and computational approaches to estimate solubility and permeability in drug discovery and development settings 1PII of original article: S0169-409X(96)00423-1. The article was originally published in Advanced Drug Delivery Reviews 23 (1997) 3–25. 1,2001,article,18084,False
https://openalex.org/W2127774996,MAFFT: a novel method for rapid multiple sequence alignment based on fast Fourier transform,2002,article,18077,True
https://openalex.org/W2398350456,Proceedings of the National Academy of Sciences of the United States of America,2009,article,18067,False
https://openalex.org/W3008028633,Characteristics of and Important Lessons From the Coronavirus Disease 2019 (COVID-19) Outbreak in China,2020,article,18064,True
https://openalex.org/W2020999234,"Stochastic Relaxation, Gibbs Distributions, and the Bayesian Restoration of Images",1984,article,18045,False
https://openalex.org/W2272984102,"Cancer statistics in China, 2015",2016,article,18016,True
https://openalex.org/W2116475791,Critical evaluation of the Newcastle-Ottawa scale for the assessment of the quality of nonrandomized studies in meta-analyses,2010,article,18013,False
https://openalex.org/W1803273808,The Coding Manual for Qualitative Researchers,2025,book,18011,True
https://openalex.org/W2183707334,PAST: PALEONTOLOGICAL STATISTICAL SOFTWARE PACKAGE FOR EDUCATION AND DATA ANALYSIS,2001,article,18005,True
https://openalex.org/W3003668884,"Early Transmission Dynamics in Wuhan, China, of Novel Coronavirus–Infected Pneumonia",2020,article,18001,True
https://openalex.org/W2139416101,Maximum entropy modeling of species geographic distributions,2005,article,17991,False
https://openalex.org/W3146083582,Situated Knowledges: The Science Question in Feminism and the Privilege of Partial Perspective,1988,article,17965,False
https://openalex.org/W3022607203,Basics of Qualitative Research,1992,article,17949,False
https://openalex.org/W2004778468,The genetical theory of natural selection,1930,book,17944,False
https://openalex.org/W2134833483,The PRISMA statement for reporting systematic reviews and meta-analyses of studies that evaluate healthcare interventions: explanation and elaboration,2009,review,17926,True
https://openalex.org/W2025371271,Minimal criteria for defining multipotent mesenchymal stromal cells. The International Society for Cellular Therapy position statement,2006,article,17912,False
https://openalex.org/W2593436234,"SwissADME: a free web tool to evaluate pharmacokinetics, drug-likeness and medicinal chemistry friendliness of small molecules",2017,article,17912,True
https://openalex.org/W1518897246,Mixed effects models and extensions in ecology with R,2009,book,17898,True
https://openalex.org/W2133990480,The WEKA data mining software,2009,article,17892,True
https://openalex.org/W2612891587,The Newcastle-Ottawa Scale (NOS) for Assessing the Quality of Nonrandomised Studies in Meta-Analyses,2014,article,17884,True
https://openalex.org/W3199943451,PHYLIP-Phylogeny inference package (Version 3.2),1989,article,17882,False
https://openalex.org/W2011215428,Universal Solvation Model Based on Solute Electron Density and on a Continuum Model of the Solvent Defined by the Bulk Dielectric Constant and Atomic Surface Tensions,2009,article,17881,True
https://openalex.org/W2140918013,Cultures and Organizations: Software of the Mind.,1993,article,17880,True
https://openalex.org/W1614549126,The Standard Edition of the Complete Psychological Works of Sigmund Freud,1953,article,17875,False
https://openalex.org/W1965324089,System Identification: Theory for the User,1987,article,17859,True
https://openalex.org/W2121001699,"Users of the world, unite! The challenges and opportunities of Social Media",2009,article,17800,False
https://openalex.org/W1639032689,"Genetic Algorithms in Search, Optimization and Machine Learning",1988,article,17776,False
https://openalex.org/W2069687969,Principles and Procedures of Statistics,1961,article,17772,False
https://openalex.org/W1986215651,Assessing the quality of reports of randomized clinical trials: Is blinding necessary?,1996,article,17766,False
https://openalex.org/W1971275758,Self-consistent molecular orbital methods. XX. A basis set for correlated wave functions,1980,article,17744,False
https://openalex.org/W2059796825,The Strengthening the Reporting of Observational Studies in Epidemiology (STROBE) Statement: Guidelines for Reporting Observational Studies,2007,article,17743,False
https://openalex.org/W3005235420,IQ-TREE 2: New Models and Efficient Methods for Phylogenetic Inference in the Genomic Era,2020,article,17730,True
https://openalex.org/W2329223578,Basics of Qualitative Research: Grounded Theory Procedures and Techniques,1993,article,17729,False
https://openalex.org/W4367314869,The Presentation of Self in Everyday Life,2023,book-chapter,17728,False
https://openalex.org/W2117897510,Bootstrap Methods: Another Look at the Jackknife,1979,article,17692,True
https://openalex.org/W1520428197,Climate change 2007 : the physical science basis : contribution of Working Group I to the Fourth Assessment Report of the Intergovernmental Panel on Climate Change,2007,article,17685,False
https://openalex.org/W2579555219,"The magical number seven, plus or minus two: Some limits on our capacity for processing information.",1956,article,17685,False
https://openalex.org/W2132454116,A Dynamic Theory of Organizational Knowledge Creation,1994,article,17684,False
https://openalex.org/W2013386523,The Competitive Advantage of Nations,1991,article,17677,False
https://openalex.org/W4388147587,The Knowledge-Creating Company,1995,book,17663,False
https://openalex.org/W2059334100,Structural Equations with Latent Variables.,1991,article,17617,False
https://openalex.org/W2045435533,A Programmable Dual-RNA–Guided DNA Endonuclease in Adaptive Bacterial Immunity,2012,article,17602,True
https://openalex.org/W3121131820,"Agency Costs of Free Cash Flow, Corporate Finance, and Takeovers",1986,article,17567,False
https://openalex.org/W4294541781,Regularization Paths for Generalized Linear Models via Coordinate Descent,2010,article,17567,True
https://openalex.org/W2145417574,Wireless communications principles and practice,2002,article,17558,False
https://openalex.org/W2096452841,The Framing of Decisions and the Psychology of Choice,1981,article,17508,False
https://openalex.org/W2044758663,Statistical Analysis With Missing Data,1989,article,17507,False
https://openalex.org/W2088833470,UPARSE: highly accurate OTU sequences from microbial amplicon reads,2013,article,17501,False
https://openalex.org/W2789843538,Minimap2: pairwise alignment for nucleotide sequences,2018,article,17492,True
https://openalex.org/W2965373594,"HISTORIAE, History of Socio-Cultural Transformation as Linguistic Data Science. A Humanities Use Case",2019,article,17488,True
https://openalex.org/W2150981663,Scalable molecular dynamics with NAMD,2005,article,17486,True
https://openalex.org/W2055461003,"Stress, social support, and the buffering hypothesis.",1985,article,17468,False
https://openalex.org/W2117178635,"A Simple, Positive Semi-Definite, Heteroskedasticity and Autocorrelation Consistent Covariance Matrix",1987,article,17468,False
https://openalex.org/W3144127399,Qualitative Data Analysis,2008,book-chapter,17456,False
https://openalex.org/W2168452204,Wireless sensor networks: a survey,2002,article,17454,False
https://openalex.org/W2029056003,CAPITAL ASSET PRICES: A THEORY OF MARKET EQUILIBRIUM UNDER CONDITIONS OF RISK*,1964,article,17444,False
https://openalex.org/W2137247419,The Commitment-Trust Theory of Relationship Marketing,1994,article,17444,False
https://openalex.org/W3119005666,"Cancer Statistics, 2021",2021,article,17444,True
https://openalex.org/W197066864,A New Method for Measuring Daytime Sleepiness: The Epworth Sleepiness Scale,1991,article,17437,True
https://openalex.org/W2502134830,AJCC Cancer Staging Manual,2016,book,17434,False
https://openalex.org/W2112017750,Pseudo-second order model for sorption processes,1999,article,17433,False
https://openalex.org/W2016260972,A profile refinement method for nuclear and magnetic structures,1969,article,17424,False
https://openalex.org/W2128572087,LINCS: A linear constraint solver for molecular simulations,1997,article,17410,False
https://openalex.org/W2614464134,WorldClim 2: new 1‐km spatial resolution climate surfaces for global land areas,2017,article,17400,False
https://openalex.org/W2001641653,The CCP4 suite: programs for protein crystallography,1994,article,17385,False
https://openalex.org/W1995031937,SPSS and SAS procedures for estimating indirect effects in simple mediation models,2004,article,17380,True
https://openalex.org/W4292229870,The Strengthening the Reporting of Observational Studies in Epidemiology (STROBE) statement: guidelines for reporting observational studies,2008,article,17364,True
https://openalex.org/W2038767330,"Intermolecular interactions from a natural bond orbital, donor-acceptor viewpoint",1988,article,17359,False
https://openalex.org/W2949177718,Comprehensive Integration of Single-Cell Data,2019,article,17353,True
https://openalex.org/W4298091299,Structural Equations with Latent Variables,1989,book,17341,False
https://openalex.org/W2172151487,A 12-Item Short-Form Health Survey,1996,article,17330,False
https://openalex.org/W1984314602,"The magical number seven, plus or minus two: Some limits on our capacity for processing information.",1994,article,17324,False
https://openalex.org/W1964435302,Operating Characteristics of a Rank Correlation Test for Publication Bias,1994,article,17278,False
https://openalex.org/W950821216,Social Network Analysis,1994,book,17246,False
https://openalex.org/W2010094123,Free radicals in biology and medicine,1991,article,17241,False
https://openalex.org/W2030522563,Continuous cultures of fused cells secreting antibody of predefined specificity,1975,article,17229,False
https://openalex.org/W1969042907,"jModelTest 2: more models, new heuristics and parallel computing",2012,article,17213,True
https://openalex.org/W2024509488,Convergent and discriminant validation by the multitrait-multimethod matrix.,1959,article,17212,True
https://openalex.org/W2296616510,Compressed sensing,2004,book,17210,False
https://openalex.org/W2073775990,A discrete numerical model for granular assemblies,1979,article,17209,False
https://openalex.org/W2318680928,Nonparametric Tests Against Trend,1945,article,17206,False
https://openalex.org/W2026368098,A Conceptual Model of Service Quality and Its Implications for Future Research,1985,article,17191,False
https://openalex.org/W2136120210,On Persistence in Mutual Fund Performance,1997,article,17189,True
https://openalex.org/W2912934387,Bagging Predictors,1996,article,17189,True
https://openalex.org/W2032118018,Primer-Directed Enzymatic Amplification of DNA with a Thermostable DNA Polymerase,1988,article,17174,False
https://openalex.org/W75231382,Climate Change 2007: The Physical Science Basis.,2007,article,17156,False
https://openalex.org/W2056944867,Centrality in social networks conceptual clarification,1978,article,17126,False
https://openalex.org/W2150238850,Self-Reports in Organizational Research: Problems and Prospects,1986,article,17126,False
https://openalex.org/W2285072859,Heart Rate Variability,1996,article,17126,False
https://openalex.org/W2104095591,Snakes: Active contour models,1988,article,17103,False
https://openalex.org/W1820801730,Research methods for business: A skill building approach,1993,article,17088,False
https://openalex.org/W1720881856,Attachment and Loss,1969,book,17087,False
https://openalex.org/W4248872320,XDS,2010,article,17069,True
https://openalex.org/W2103546861,"A Simple, Fast, and Accurate Algorithm to Estimate Large Phylogenies by Maximum Likelihood",2003,article,17057,True
https://openalex.org/W2148534890,Inference from Iterative Simulation Using Multiple Sequences,1992,article,17048,True
https://openalex.org/W2781525129,"Cancer statistics, 2018",2018,article,17039,True
https://openalex.org/W2124614417,Intermolecular and Surface Forces,2011,book-chapter,17032,False
https://openalex.org/W2752885492,Introduction to Algorithms,1991,article,17032,False
https://openalex.org/W2133856765,Metagenomic biomarker discovery and explanation,2011,article,17010,True
https://openalex.org/W2058046532,Automated Anatomical Labeling of Activations in SPM Using a Macroscopic Anatomical Parcellation of the MNI MRI Single-Subject Brain,2002,article,16977,True
https://openalex.org/W1997476591,ESTIMATING F -STATISTICS FOR THE ANALYSIS OF POPULATION STRUCTURE,1984,article,16968,False
https://openalex.org/W4315754639,"Cancer statistics, 2023",2023,article,16950,True
https://openalex.org/W2159707944,GSVA: gene set variation analysis for microarray and RNA-Seq data,2013,article,16941,True
https://openalex.org/W2144846366,Theory of games and economic behavior,2019,book-chapter,16935,True
https://openalex.org/W2141939342,The Chemistry and Applications of Metal-Organic Frameworks,2013,article,16930,False
https://openalex.org/W2153562738,Statistical analysis of cointegration vectors,1988,article,16918,False
https://openalex.org/W1505626160,Methods for dilution antimicrobial susceptibility tests for bacteria that grow aerobically,2000,article,16902,False
https://openalex.org/W1584697775,Thought and language,1962,article,16896,False
https://openalex.org/W1999130958,The National Comprehensive Cancer Network,1998,article,16883,False
https://openalex.org/W2465692541,Akufo and Ibarapa,1965,article,16880,False
https://openalex.org/W4301861531,Generalized Linear Models,1989,book,16879,False
https://openalex.org/W2021341670,Integrative genomics viewer,2011,article,16859,False
https://openalex.org/W2113076747,Pattern Recognition with Fuzzy Objective Function Algorithms,1981,book,16856,False
https://openalex.org/W1855283887,Competitive Strategy: Techniques for Analyzing Industries and Competitors,1980,article,16840,False
https://openalex.org/W1986407511,Can Quantum-Mechanical Description of Physical Reality Be Considered Complete?,1935,article,16836,True
https://openalex.org/W2004444667,genalex 6: genetic analysis in Excel. Population genetic software for teaching and research,2005,article,16804,False
https://openalex.org/W2070227796,"ATHENA , ARTEMIS , HEPHAESTUS : data analysis for X-ray absorption spectroscopy using IFEFFIT",2005,article,16793,True
https://openalex.org/W3131055609,Twelve years of SAMtools and BCFtools,2021,article,16792,True
https://openalex.org/W3123397884,Building Theories from Case Study Research,1989,article,16779,False
https://openalex.org/W1997151511,Quantum Mechanical Continuum Solvation Models,2005,article,16758,False
https://openalex.org/W1575147392,Perturbation Theory for Linear Operators,1995,book,16753,False
https://openalex.org/W2129763896,Some Models for Estimating Technical and Scale Inefficiencies in Data Envelopment Analysis,1984,article,16744,False
https://openalex.org/W1990074132,Arlequin suite ver 3.5: a new series of programs to perform population genetics analyses under Linux and Windows,2010,article,16712,False
https://openalex.org/W3164692211,Integrated analysis of multimodal single-cell data,2021,article,16690,True
https://openalex.org/W2122111042,Nearest neighbor pattern classification,1967,article,16668,False
https://openalex.org/W2145150141,2015 American Thyroid Association Management Guidelines for Adult Patients with Thyroid Nodules and Differentiated Thyroid Cancer: The American Thyroid Association Guidelines Task Force on Thyroid Nodules and Differentiated Thyroid Cancer,2015,article,16664,True
https://openalex.org/W2141458291,Transcript assembly and quantification by RNA-Seq reveals unannotated transcripts and isoform switching during cell differentiation,2010,article,16650,False
https://openalex.org/W2153000380,Knowledge and Teaching:Foundations of the New Reform,1987,article,16631,True
https://openalex.org/W2314659927,Principles of Polymer Chemistry.,1954,article,16631,False
https://openalex.org/W2047968138,Visualization and analysis of atomistic simulation data with OVITO–the Open Visualization Tool,2009,article,16629,True
https://openalex.org/W2104129218,Establishing a standard definition for child overweight and obesity worldwide: international survey,2000,article,16615,True
https://openalex.org/W3124872368,Organizational culture and leadership,1993,article,16611,False
https://openalex.org/W2004008756,Psychophysical bases of perceived exertion,1982,article,16597,False
https://openalex.org/W2073506374,The Social Construction of Reality: A Treatise in the Sociology of Knowledge.,1967,article,16597,False
https://openalex.org/W1982356449,A new mixing of Hartree–Fock and local density-functional theories,1993,article,16594,False
https://openalex.org/W2249595199,Discovering Statistics Using Ibm Spss Statistics,2017,article,16575,False
https://openalex.org/W2152239989,Differential expression analysis for sequence count data,2010,article,16574,True
https://openalex.org/W2118882740,The Interpretation of Cultures,2017,book,16562,False
https://openalex.org/W1974085346,Elements of X-Ray Diffraction,1957,article,16551,False
https://openalex.org/W2136922672,A Fast Learning Algorithm for Deep Belief Nets,2006,article,16539,False
https://openalex.org/W2052417512,Metaphors We Live By,2003,book,16526,True
https://openalex.org/W4240402692,Statistical Power Analysis for the Behavioral Sciences,1989,article,16521,False
https://openalex.org/W2052742260,Neuropathological stageing of Alzheimer-related changes,1991,article,16518,False
https://openalex.org/W2801179766,"Handbook of Mathematical Functions with Formulas, Graphs, and Mathematical Tables",1965,article,16498,False
https://openalex.org/W2139212933,A Tutorial on Support Vector Machines for Pattern Recognition,1998,article,16489,False
https://openalex.org/W2154845780,DnaSP v5: a software for comprehensive analysis of DNA polymorphism data,2009,article,16472,True
https://openalex.org/W2115755118,A Wavelet Tour of Signal Processing,1999,book,16469,False
https://openalex.org/W4212883601,Bagging predictors,1996,article,16468,True
https://openalex.org/W2150926065,Cluster analysis and display of genome-wide expression patterns,1998,article,16464,True
https://openalex.org/W2162484441,Endogenous Technological Change,1990,article,16458,False
https://openalex.org/W2127322768,"Fast, scalable generation of high‐quality protein multiple sequence alignments using Clustal Omega",2011,article,16457,True
https://openalex.org/W2097255042,Molecular portraits of human breast tumours,2000,article,16448,False
https://openalex.org/W2169821755,NMRPipe: A multidimensional spectral processing system based on UNIX pipes,1995,article,16440,False
https://openalex.org/W2168420558,The MIQE Guidelines: Minimum Information for Publication of Quantitative Real-Time PCR Experiments,2009,article,16425,True
https://openalex.org/W2167928095,Theory Building From Cases: Opportunities And Challenges,2007,article,16398,False
https://openalex.org/W2097259163,Understanding the Warburg Effect: The Metabolic Requirements of Cell Proliferation,2009,article,16392,True
https://openalex.org/W1980564456,Intuitionistic fuzzy sets,1986,article,16388,True
https://openalex.org/W3006659024,The psychological impact of quarantine and how to reduce it: rapid review of the evidence,2020,article,16385,True
https://openalex.org/W3121693921,A Survey of Corporate Governance,1997,article,16379,True
https://openalex.org/W1667165204,"Probability, Random Variables, and Stochastic Processes.",1984,article,16377,True
https://openalex.org/W1607071030,Boundary-Layer Theory,2000,book,16363,True
https://openalex.org/W2964849163,Graph-based genome alignment and genotyping with HISAT2 and HISAT-genotype,2019,article,16355,True
https://openalex.org/W1523693806,Repertoires of Autophagy in the Pathogenesis of Ocular Diseases,2015,article,16340,True
https://openalex.org/W2053328406,Materials for electrochemical capacitors,2008,article,16324,True
https://openalex.org/W2115786064,Electronics and optoelectronics of two-dimensional transition metal dichalcogenides,2012,article,16322,True
https://openalex.org/W2148066840,Phase annealing in SHELX-90: direct methods for larger structures,1990,article,16320,False
https://openalex.org/W2964015378,Detecting Functionality-Specific Vulnerabilities via Retrieving Individual Functionality-Equivalent APIs in Open-Source Repositories,2025,conference-paper,16311,True
https://openalex.org/W4292363360,Distributed Optimization and Statistical Learning via the Alternating Direction Method of Multipliers,2011,article,16309,False
https://openalex.org/W2019207321,ANFIS: adaptive-network-based fuzzy inference system,1993,article,16303,False
https://openalex.org/W2031611770,FastTree 2 – Approximately Maximum-Likelihood Trees for Large Alignments,2010,article,16303,True
https://openalex.org/W4206677002,Global burden of bacterial antimicrobial resistance in 2019: a systematic analysis,2022,article,16299,True
https://openalex.org/W2955504961,Guide for the Care and Use of Laboratory Animals,2011,book,16297,False
https://openalex.org/W2124386111,Object recognition from local scale-invariant features,1999,conference-paper,16293,False
https://openalex.org/W2089876099,"Nonlinear Oscillations, Dynamical Systems, and Bifurcations of Vector Fields",1983,book,16262,False
https://openalex.org/W2123036062,A Method of Computing the Effectiveness of an Insecticide,1925,article,16251,False
https://openalex.org/W2012034410,Tissue-based map of the human proteome,2015,article,16250,True
https://openalex.org/W2149628368,A circumplex model of affect.,1980,article,16247,False
https://openalex.org/W2752853835,The Art of Computer Programming,1968,article,16216,False
https://openalex.org/W1506043065,DETERMINATION OF SERUM PROTEINS BY MEANS OF THE BIURET REACTION,1949,article,16215,True
https://openalex.org/W2282821441,"""Why Should I Trust You?""",2016,conference-paper,16202,False
https://openalex.org/W1985749074,"Social Network Sites: Definition, History, and Scholarship",2007,article,16200,True
https://openalex.org/W2042602209,Ordered mesoporous molecular sieves synthesized by a liquid-crystal template mechanism,1992,article,16187,False
https://openalex.org/W2235523093,"Cancer statistics, 2016",2016,article,16185,True
https://openalex.org/W2045596260,Efficient pseudopotentials for plane-wave calculations,1991,article,16184,False
https://openalex.org/W2167571044,The European Organization for Research and Treatment of Cancer QLQ-C30: A Quality-of-Life Instrument for Use in International Clinical Trials in Oncology,1993,article,16163,False
https://openalex.org/W2904250082,Genetic Algorithms,2002,book,16154,False
https://openalex.org/W1966078827,"GROMACS 4: Algorithms for Highly Efficient, Load-Balanced, and Scalable Molecular Simulation",2008,article,16150,True
https://openalex.org/W1485283179,Binary Alloy Phase Diagrams,2016,book-chapter,16141,False
https://openalex.org/W2162180338,The Measurement of Productive Efficiency,1957,article,16135,False
https://openalex.org/W2066636486,The anatomy of a large-scale hypertextual Web search engine,1998,article,16128,False
https://openalex.org/W2046002177,Molecular Spectra and Molecular Structure,1979,book,16125,False
https://openalex.org/W1536690700,TNM Classification of Malignant Tumours,1987,book,16123,False
https://openalex.org/W2127951128,"Global Strategy for the Diagnosis, Management, and Prevention of Chronic Obstructive Pulmonary Disease",2012,article,16121,True
https://openalex.org/W2971035958,Qualitative Inquiry and Research Design : Choosing Among Five Approaches,2017,article,16110,False
https://openalex.org/W2580767461,Ror2 signaling regulates Golgi structure and transport through IFT20 for tumor invasiveness,2017,article,16101,True
https://openalex.org/W2114843025,Integrative Analysis of Complex Cancer Genomics and Clinical Profiles Using the cBioPortal,2013,article,16099,True
https://openalex.org/W2089871805,Evaluating Goodness-of-Fit Indexes for Testing Measurement Invariance,2002,article,16090,False
https://openalex.org/W2366536035,The 2016 World Health Organization Classification of Tumors of the Central Nervous System: a summary,2016,article,16082,True
https://openalex.org/W2008251417,A Ladder Of Citizen Participation,1969,article,16064,False
https://openalex.org/W2129905273,Density Estimation for Statistics and Data Analysis,2018,book,16031,False
https://openalex.org/W2257979135,Mastering the game of Go with deep neural networks and tree search,2016,article,16012,False
https://openalex.org/W2157107905,FLASH: fast length adjustment of short reads to improve genome assemblies,2011,article,16004,True
https://openalex.org/W2168696662,RAxML-VI-HPC: maximum likelihood-based phylogenetic analyses with thousands of taxa and mixed models,2006,article,15998,True
https://openalex.org/W2473786944,EuroQol - a new facility for the measurement of health-related quality of life,1990,article,15989,False
https://openalex.org/W2086943348,Embryonic Stem Cell Lines Derived from Human Blastocysts,1998,article,15986,False
https://openalex.org/W2928665623,Metascape provides a biologist-oriented resource for the analysis of systems-level datasets,2019,article,15979,True
https://openalex.org/W11476871,C60: Buckminsterfullerene,1985,article,15967,False
https://openalex.org/W2023248330,Volume of fluid (VOF) method for the dynamics of free boundaries,1981,article,15959,False
https://openalex.org/W1535803599,Development as Freedom,2009,book-chapter,15958,False
https://openalex.org/W2063792498,The genetical evolution of social behaviour. I,1964,article,15950,False
https://openalex.org/W2160449301,Toward a knowledge‐based theory of the firm,1996,article,15946,False
https://openalex.org/W2046412723,Self—Consistent Molecular Orbital Methods. XII. Further Extensions of Gaussian—Type Basis Sets for Use in Molecular Orbital Studies of Organic Molecules,1972,article,15937,False
https://openalex.org/W2056330418,The Art of Case Study Research,1996,article,15933,False
https://openalex.org/W2064815984,Multiplex Genome Engineering Using CRISPR/Cas Systems,2013,article,15932,False
https://openalex.org/W2080752012,"MaxQuant enables high peptide identification rates, individualized p.p.b.-range mass accuracies and proteome-wide protein quantification",2008,article,15932,False
https://openalex.org/W2104005232,StringTie enables improved reconstruction of a transcriptome from RNA-seq reads,2015,article,15930,True
https://openalex.org/W4234347480,Computer Simulation of Liquids,1988,article,15929,False
https://openalex.org/W2169667133,Explicating dynamic capabilities: the nature and microfoundations of (sustainable) enterprise performance,2007,article,15928,True
https://openalex.org/W1593442063,Risks and Benefits of Estrogen Plus Progestin in Healthy Postmenopausal Women: Principal Results From the Women's Health Initiative Randomized Controlled Trial,2002,article,15923,True
https://openalex.org/W2001442493,Framing: Toward Clarification of a Fractured Paradigm,1993,article,15915,False
https://openalex.org/W2115747715,Job Market Signaling,1973,article,15900,False
https://openalex.org/W4388174267,Reassembling the Social,2005,book,15900,False
https://openalex.org/W2145096794,Robust uncertainty principles: exact signal reconstruction from highly incomplete frequency information,2006,article,15895,False
https://openalex.org/W2150593711,Least squares quantization in PCM,1982,article,15891,True
https://openalex.org/W1984068087,ANNOVAR: functional annotation of genetic variants from high-throughput sequencing data,2010,article,15876,True
https://openalex.org/W2094642658,The influence of polarization functions on molecular orbital hydrogenation energies,1973,article,15867,False
https://openalex.org/W2560023338,Pyramid Scene Parsing Network,2017,conference-paper,15853,False
https://openalex.org/W2008708467,Dictionary of protein secondary structure: Pattern recognition of hydrogen‐bonded and geometrical features,1983,article,15851,True
https://openalex.org/W2103559027,Nonlinear total variation based noise removal algorithms,1992,article,15845,False
https://openalex.org/W2131773668,EFFICIENT CAPITAL MARKETS: A REVIEW OF THEORY AND EMPIRICAL WORK*,1970,article,15811,False
https://openalex.org/W2172820226,"Table 1 in A new Gammarus species from Xinjiang Uygur Autonomous Region (China) with a key to Xinjiang freshwater gammarids (Crustacea, Amphipoda, Gammaridae)",2022,article,15808,True
https://openalex.org/W1995017064,Crystallography & NMR System: A New Software Suite for Macromolecular Structure Determination,1998,article,15802,False
https://openalex.org/W2125078269,Standardisation of spirometry,2005,article,15801,True
https://openalex.org/W201578715,Sensemaking in Organizations,1996,article,15790,False
https://openalex.org/W2124517301,The Unity and Diversity of Executive Functions and Their Contributions to Complex “Frontal Lobe” Tasks: A Latent Variable Analysis,2000,article,15789,False
https://openalex.org/W2041946752,Advances in prospect theory: Cumulative representation of uncertainty,1992,article,15782,False
https://openalex.org/W2121947440,Normalized cuts and image segmentation,2000,article,15780,False
https://openalex.org/W1971421925,Community structure in social and biological networks,2002,article,15768,True
https://openalex.org/W2118016181,On the Evaluation of Structural Equation Models,1988,article,15767,False
https://openalex.org/W2139248078,New Guidelines to Evaluate the Response to Treatment in Solid Tumors,2000,article,15763,False
https://openalex.org/W2012186625,Emerging adulthood: A theory of development from the late teens through the twenties.,2000,article,15752,False
https://openalex.org/W3111255098,Safety and Efficacy of the BNT162b2 mRNA Covid-19 Vaccine,2020,article,15721,True
https://openalex.org/W2052853635,Apoptosis: A Basic Biological Phenomenon with Wideranging Implications in Tissue Kinetics,1972,article,15716,True
https://openalex.org/W1485044783,Bergey's Manual of Systematic Bacteriology,1990,article,15677,False
https://openalex.org/W1993077801,Electron affinities of the first-row atoms revisited. Systematic basis sets and wave functions,1992,article,15671,False
https://openalex.org/W2798456356,Quantum Mechanics,1961,book,15667,False
https://openalex.org/W2990138404,Advances in Neural Information Processing Systems 19,2007,book,15654,False
https://openalex.org/W2136879569,UCHIME improves sensitivity and speed of chimera detection,2011,article,15647,True
https://openalex.org/W2045204781,Fast and sensitive protein alignment using DIAMOND,2014,article,15606,False
https://openalex.org/W1929009802,"Nitric oxide: physiology, pathophysiology, and pharmacology.",1991,article,15598,False
https://openalex.org/W2253414912,GENEPOP (Version 1.2): Population Genetics Software for Exact Tests and Ecumenicism,1995,article,15593,False
